"","AET.PT.STD.Wil150mm","AET.PT.cc050.Wil150mm","AET.PT.cc025.Wil150mm","AET.Dobr.cc100","AET.Dobr.cc025","ID"
"1",988.957309364861,1194.19107525977,1552.10980213155,385.440852404588,166.148121954989,1
"2",984.925972274052,1192.10510048301,1550.81098368565,392.127425620316,168.002704445635,2
"3",976.793453180453,1184.84576943419,1545.89075561392,402.17703156194,171.213839522347,3
"4",978.314745817698,1186.87069650477,1546.6140904333,402.429113282984,171.20236250406,4
"5",991.473553567068,1198.94528334338,1552.90361226023,389.97711648383,167.224426818826,5
"6",983.359231036695,1194.59905888526,1550.46279624988,401.341108500834,170.533649795998,6
"7",998.705411511639,1215.55983216374,1562.92277248325,390.123262015352,166.016617326711,7
"8",1022.92273342865,1250.68648108807,1581.81845231819,364.087661046984,156.638294716079,8
"9",1030.54899394677,1266.00705018488,1589.08359022696,357.31797631825,153.678622612979,9
"10",999.921212562733,1219.35059822955,1563.07825116874,391.368495035997,165.914998359672,10
"11",1014.30753279163,1229.30928666277,1567.49239507853,369.681414016699,159.70808335213,11
"12",993.754713677852,1208.67860625173,1555.35673206304,396.673041233671,168.267729709282,12
"13",994.698148547282,1208.4238747909,1554.40138972319,396.406345180225,168.369579180483,13
"14",996.602525312197,1211.02678928929,1556.09740248917,394.983901113137,167.801543503133,14
"15",1041.87002102233,1262.85119800493,1584.49884028374,336.214243911187,148.898697974688,15
"16",1050.50587839863,1279.71386393445,1594.24327139865,330.031350042048,146.031961162268,16
"17",1034.99354848303,1261.41546983593,1584.60345650991,351.101666824673,152.980395177587,17
"18",1036.5544724265,1260.11828438624,1583.55296085042,349.70619665281,153.00815729025,18
"19",1025.28264348652,1242.41020890646,1574.09025333521,364.45506482488,158.316160658233,19
"20",1013.13801266911,1228.90835516082,1566.43232033115,382.922031017086,164.142050555612,20
"21",1019.97351392655,1235.73032396609,1569.71071440978,374.043291110665,161.382047201477,21
"22",1016.8757581346,1231.94870535818,1567.60319062464,378.218626477732,162.761157322497,22
"23",1029.21247411709,1247.75280667929,1576.37035412716,362.553348964788,157.558186734962,23
"24",1035.41215308705,1257.41236343511,1581.25247242036,355.820478296856,155.14402265472,24
"25",1025.33084345212,1244.03425005861,1573.68722923468,369.328761767959,159.641266036701,25
"26",1025.91714467628,1250.03103366231,1577.38522822,371.98400041184,159.673936003805,26
"27",1006.59159437157,1230.74250851256,1566.91455335478,398.12940566664,167.483281463925,27
"28",1029.83705793705,1264.45424909538,1584.95972612915,371.572375675161,157.816976398076,28
"29",1012.8568437297,1234.39770279679,1568.12780641674,387.551279856782,164.051798289422,29
"30",1014.11850913366,1229.80475203142,1564.88949787819,381.872022731692,163.118471989825,30
"31",1032.86257319078,1277.45578570157,1592.15099827392,371.498434078082,156.791413753597,31
"32",1030.68303337775,1266.13608453722,1585.89135783281,370.271367613426,157.500986195034,32
"33",1010.605734011,1243.8400548643,1576.19664027351,397.247176368766,165.853459745043,33
"34",983.325284036865,1209.83782062623,1558.50723117015,420.640053507729,174.296619962027,34
"35",1001.76010850719,1223.01820148041,1565.34670788211,399.490560085539,167.992941812837,35
"36",988.106968237265,1220.26301019036,1567.78816568091,416.651175951065,172.171165273936,36
"37",1019.92493249438,1294.10859299275,1606.30716821238,401.747692145291,163.31799162181,37
"38",948.019304760457,1221.6686477235,1578.74878233627,468.145470805793,187.330517549486,38
"39",976.535255995973,1234.64054992382,1582.15387880782,437.056226646379,176.922389711962,39
"40",1105.37667871396,1427.9766562921,1665.87478082484,309.869504432272,130.664638218914,40
"41",1086.4189340355,1391.60155106727,1650.08304997214,305.234836675185,132.878958530769,41
"42",1063.89584516105,1349.18166428134,1630.73269724698,343.786887056618,145.971515356434,42
"43",1132.41105092059,1477.60553792794,1685.35658288773,309.469021189882,126.763763059187,43
"44",1131.89254873782,1463.20133020035,1677.89118734017,275.190362581748,117.903542203148,44
"45",1076.46035103288,1339.68538363203,1626.65485486592,316.657246545055,139.126319643616,45
"46",1030.21389903723,1272.66806498593,1589.35397958059,389.06913288336,162.819980608911,46
"47",1069.80186598261,1357.43023380388,1634.98022652338,377.045166145804,153.260543974749,47
"48",1068.57399171826,1339.74910491342,1624.68156960075,370.727961073558,152.805529775139,48
"49",1034.61591199912,1331.65598021793,1619.98663357129,430.885591633763,168.138625903243,49
"50",1063.3240691978,1340.94004462286,1627.73758776819,400.844309478751,158.894329303296,50
"51",1031.69975978569,1306.45256124185,1603.70548806211,429.93416187521,169.380652725215,51
"52",1015.17926260089,1263.01221741576,1573.51078656071,435.165340407558,174.912803855104,52
"53",1061.56918485856,1289.36497714877,1591.85415557605,382.741492062259,159.029228319871,53
"54",1062.68596282439,1287.65445155674,1590.92106186882,385.503518758012,160.055406293017,54
"55",1066.1435823453,1289.10364798319,1592.81718350572,380.060768827819,158.590800799493,55
"56",1056.78026947982,1279.48135168408,1584.271191576,401.63012519738,165.426603114344,56
"57",1051.59256513534,1278.37789744739,1583.3050937264,411.146947664871,168.174904558537,57
"58",1064.3557123629,1288.78973878302,1593.11803365528,393.286894940772,162.432192881995,58
"59",1081.17705528367,1310.42503276623,1611.34394298296,357.717779626048,150.942670049276,59
"60",1076.61176945501,1304.405239925,1606.42643376828,365.368947828513,153.733611272827,60
"61",1067.52190494482,1296.1920060346,1599.43879034354,388.074725702949,160.652332443465,61
"62",1046.56855796593,1287.16910451964,1591.07098273732,421.062283961958,170.417229040743,62
"63",1056.8291253175,1305.47649330778,1606.29354118989,419.12852481294,167.976187419161,63
"64",1065.54624829564,1305.0669645578,1605.9291545903,401.371458527825,163.877084796078,64
"65",1074.53440765787,1311.99118557876,1611.19089591872,388.481118425832,159.968464819044,65
"66",1083.96661472743,1330.03842149059,1624.2144516579,385.183414040524,157.355365063933,66
"67",1087.55606560899,1339.50913812074,1630.70355318714,389.654190244393,157.524492445623,67
"68",1036.11075247818,1324.08578494708,1619.19457808452,462.615377138203,177.554570006555,68
"69",1038.68351972693,1328.36024715653,1622.33577915817,462.002584730636,176.672993997482,69
"70",1032.87271602181,1295.30903727458,1597.08153269516,446.692627780358,176.163882735174,70
"71",1036.80039732374,1296.13998749413,1597.89313170888,442.923223638174,174.861326888851,71
"72",1009.81826006293,1303.03418137739,1603.64795703239,489.461141535619,185.899406486126,72
"73",1012.24524062273,1313.07270769313,1611.30262587788,494.954435786054,186.466156186772,73
"74",1017.05489640652,1339.36139906389,1630.50444236504,507.967445952691,187.669112859149,74
"75",1018.92787042684,1325.28787483152,1620.71788707252,499.863184766618,186.368632133478,75
"76",1037.80119671,1321.54502279106,1618.18094093242,474.587672521745,180.029603112882,76
"77",1018.33133302328,1323.41135921861,1619.78436109321,503.497454404093,187.847736492722,77
"78",1027.7045894259,1332.48221527761,1626.68667683874,499.339599688898,185.55932444977,78
"79",1036.36426253403,1320.82292404298,1618.19199784934,482.688315754717,182.460257898492,79
"80",1040.63766347938,1342.89996643155,1634.06117754927,493.792748335304,183.264489513084,80
"81",1027.66999098979,1341.00784026813,1632.92211480677,509.679304446284,188.349573820505,81
"82",1061.71481894761,1344.45463912515,1635.43925235262,465.549797440187,176.295541060504,82
"83",1060.03284400464,1345.20416817281,1636.24299621017,468.293749569108,176.987376396497,83
"84",1067.0044558596,1339.62673342652,1632.36674688652,452.932473144408,174.041717616441,84
"85",1079.26890951828,1354.42139784381,1642.67298860805,444.985717703579,170.614934952612,85
"86",1077.59824529043,1346.42054365797,1637.24032527828,443.231592945661,171.192662716557,86
"87",1149.06360141258,1435.06940796171,1673.48112412388,348.856751005397,139.07949114075,87
"88",1157.45380181958,1454.63043329515,1678.78712332305,319.790552819093,129.625424508616,88
"89",1221.94730698065,1529.77112491235,1704.89585297054,266.794426248004,107.477470866666,89
"90",1205.32321660992,1513.36208711096,1699.0618666593,275.327532141364,110.880405737005,90
"91",1283.65851474138,1584.01141692983,1726.3568328902,245.798487469905,94.72785834481,91
"92",1170.75820181681,1476.20635696834,1687.14588332543,309.062079590167,123.017075389734,92
"93",1150.79981943755,1443.14243995772,1673.31862335379,308.501959957114,125.012559385929,93
"94",1162.39414665907,1462.25310875997,1681.63836030315,314.112554951574,125.873860743546,94
"95",1206.43304670713,1518.90125116856,1702.17534754256,284.919203234011,113.369609841754,95
"96",1270.71660475245,1576.01938978027,1723.2814691699,260.619561423075,101.511045215882,96
"97",1180.86496732864,1487.49787420989,1692.47061808387,329.214409503435,129.394621025437,97
"98",1134.1091665717,1407.57872866763,1664.98150211795,392.626280917749,152.252723816702,98
"99",1104.97907786621,1386.16509712933,1661.94208326737,462.227562642881,171.698060153844,99
"100",1095.87409451878,1345.88775631376,1640.54755251388,444.859745601963,170.445637186023,100
"101",1085.62940645106,1316.89198620839,1622.05011070437,418.442437934512,166.348828886457,101
"102",1115.1419651008,1352.99640775289,1635.18248497073,349.329564005989,144.70281586931,102
"103",1119.28216363799,1362.10505557394,1639.50173725234,346.587515411477,143.02488440533,103
"104",1115.14900678133,1352.04502240653,1634.55912268469,345.975375561328,143.79823829744,104
"105",1116.8671961235,1354.90303658159,1635.73022223463,345.095604895527,143.120627195143,105
"106",1127.58234579115,1377.96909203454,1646.446572767,342.410267310149,139.88857823586,106
"107",1139.91249574642,1415.48783633661,1660.79668024064,308.151492920251,126.428063815392,107
"108",1130.67338087442,1388.07923350723,1649.78897210655,324.77938131202,133.674063402749,108
"109",1124.55024227126,1368.93700452561,1642.07594317232,342.44099310884,140.417929318064,109
"110",1121.38570909989,1360.16691337963,1638.30278045283,349.923926672922,143.354193008929,110
"111",1110.21103709079,1341.09486461421,1630.76395249603,375.688963830599,152.206562253371,111
"112",1093.96724606674,1319.37160853907,1621.63839904519,410.833460617295,163.639530235988,112
"113",1104.03867526366,1333.89600969924,1628.49664800508,396.828206193919,158.533934162285,113
"114",1081.32157794742,1307.98094235805,1618.25727531076,455.471754668078,176.573513798752,114
"115",1072.81425065272,1301.98254450386,1614.14284853792,487.56927015887,185.497362093706,115
"116",1072.61179513779,1300.97163062262,1613.41573650594,485.961209344647,185.21262747646,116
"117",1076.60101517954,1304.93025962006,1617.21520116292,477.453459243939,182.500657626044,117
"118",1075.93544120917,1304.73323129855,1617.48382256524,479.652093534705,183.1243414256,118
"119",1078.28806283047,1305.4784532202,1617.80217434563,468.510358326277,180.300553666261,119
"120",1084.73972792758,1311.2661588491,1619.89379565405,448.72739647922,174.678912314409,120
"121",1077.12745742762,1306.42723690426,1619.31210672291,475.419864396533,182.286559039257,121
"122",1080.70762049218,1311.79337405089,1622.50438713932,470.555676398706,180.597126229109,122
"123",1094.62444359155,1331.76070103106,1632.72364456646,450.326130568373,173.445893590458,123
"124",1124.28590908968,1373.4295243929,1649.56382486784,392.034556308684,154.029471699127,124
"125",1167.73968140514,1461.28972297153,1682.73978724872,318.460044493707,125.491060535977,125
"126",1187.54522803224,1479.16392880021,1689.41242731612,301.004655814259,118.776276579455,126
"127",1227.20180250157,1529.30280501916,1709.23733063965,285.479226490169,110.077165053565,127
"128",1224.68614500215,1533.74363488955,1712.51673095627,295.65293045424,112.504699008111,128
"129",1153.14217527159,1443.49387757942,1678.48915802516,324.234642526069,128.080424676296,129
"130",1134.97668161405,1397.56463723562,1662.46526072882,366.602672763639,144.096919097275,130
"131",1103.7541144663,1349.69270238803,1646.80016557803,424.744908336805,164.096607838069,131
"132",1101.88998460971,1349.65724125732,1648.54878880398,429.65166407361,165.183525749389,132
"133",1094.16399882314,1340.77869770083,1646.22399959253,446.408665130399,170.527591794395,133
"134",1131.95493647501,1399.52373874839,1666.61470311348,352.626899271511,139.624085819692,134
"135",1137.91325967397,1415.99117937663,1674.17642078972,346.772897711303,136.310031876115,135
"136",1096.20717158812,1345.19729905731,1649.73596484882,438.240319860568,167.946590119473,136
"137",1083.11315677764,1331.88503204444,1646.51237610375,481.821988206701,181.443015316679,137
"138",1094.98483200046,1348.88468319848,1654.24374088365,460.098947090736,173.818079719967,138
"139",1095.63648153768,1347.9278687222,1653.21096962086,452.628341146688,171.835393607847,139
"140",1089.85217721988,1342.13022767612,1651.44121720814,466.579443608275,175.940622532237,140
"141",1093.58420546886,1349.65861076046,1655.62900834523,467.67396213407,175.254629513066,141
"142",1136.78885918825,1419.79370625566,1681.25068339638,375.152683276683,143.770912544633,142
"143",1142.95355327909,1431.63765077471,1682.98582961709,333.608448630279,131.451222014276,143
"144",1112.22038061859,1374.12611991624,1662.86108907261,389.586361730269,151.915672043753,144
"145",1086.44620679882,1337.51249910644,1649.65511410985,462.549959440849,175.282469723712,145
"146",1094.95295164145,1352.52369518396,1657.8243980841,463.135680364911,174.149247094639,146
"147",1086.78730158614,1346.84552594381,1657.3150766506,488.59128799387,182.147245458752,147
"148",1084.99428423083,1345.8637148318,1657.54977463229,493.181149374299,183.972046554775,148
"149",1083.33610831616,1348.92059523604,1660.9104916045,511.092195213373,188.652794643536,149
"150",1112.67051954618,1398.24079889008,1682.26571373018,477.58789477301,174.633822906169,150
"151",1178.6119314528,1507.4224233992,1718.67941333836,345.588592156389,130.388644016637,151
"152",1179.04575576554,1509.71804769643,1717.88083284948,328.198590773727,124.503656589352,152
"153",1133.65645671257,1422.96311864304,1685.70260961321,361.495539153111,141.199839696015,153
"154",1116.1752931691,1388.72067719281,1672.37708586729,372.540608926284,147.139499637096,154
"155",1126.44775729592,1406.63732547917,1678.49211063304,327.318526374477,133.621903555487,155
"156",1140.04099319026,1432.80069740658,1688.66969532213,318.058331983466,128.265487874458,156
"157",1148.07710064666,1453.4748055154,1697.47655594156,312.197192392592,124.368010870545,157
"158",1122.58651307514,1406.39540898644,1682.20757129727,335.038223013,135.410528835596,158
"159",1097.51012607543,1368.36845531106,1670.8593956208,403.687102192947,157.422154758455,159
"160",1086.17107308755,1355.2070175004,1667.44729671673,451.457305387076,171.491548809598,160
"161",1099.48723337636,1376.12998208828,1676.38718757119,408.569200802179,158.222958227532,161
"162",1124.35714308209,1415.22846721658,1689.38175473541,339.632879520076,136.319155842703,162
"163",1101.47557704826,1379.71017624086,1678.17198802918,403.421918633388,156.630622752103,163
"164",1136.15330771399,1438.10514971531,1697.69754070854,328.607195343481,131.350045633451,164
"165",1150.43428561103,1468.20044061117,1707.86225923534,313.623790771967,124.169387742515,165
"166",1131.61185922651,1429.47582863767,1694.38907491093,329.831657184704,132.454324137399,166
"167",1098.98985723734,1376.99507196006,1677.2921087488,403.885205993384,157.008870282875,167
"168",1089.14632345382,1366.20995292564,1674.41375150591,423.802935824062,163.652175812545,168
"169",1102.2980868929,1383.79030499364,1679.93601719559,363.416311113723,146.146752838183,169
"170",1100.10783041147,1381.72909901248,1679.62656280552,408.580551243783,157.980428334908,170
"171",1089.93147357945,1370.00354393275,1676.75995356164,430.969401061769,165.56592091952,171
"172",1093.47536534701,1371.12057970098,1675.55265246613,418.926771806961,162.258319708994,172
"173",1101.11448481279,1380.41130907207,1677.95205695669,403.405482932027,157.118406174585,173
"174",1121.27799787915,1413.55831111192,1688.88353017313,341.333852931171,137.788569634225,174
"175",1142.9226245923,1450.61018359472,1700.67037645905,321.525969617468,128.744634836337,175
"176",1148.84447206423,1468.42180972001,1707.05957055395,313.725470867158,124.597119692041,176
"177",1152.46535410157,1477.83917814959,1710.77951716076,312.242295909002,123.270182230284,177
"178",1145.69118410832,1462.25265928523,1705.98854235453,322.622324449454,127.81773931457,178
"179",1147.48423145438,1467.56213900571,1706.39258274711,313.481618360248,124.215575888394,179
"180",1133.19233565942,1436.99805705798,1695.61263011795,326.442688862763,130.601832335115,180
"181",1108.04323619582,1394.23467113445,1681.76633346959,350.882799581959,141.231862692664,181
"182",1090.33126280239,1369.70824433493,1673.4854907208,415.611395230286,160.94437501811,182
"183",1105.66725583354,1396.23527571429,1683.93436782259,400.797071636907,154.502557754753,183
"184",1136.0572742935,1442.64284068151,1697.56246906855,328.629383480705,131.396625114686,184
"185",1140.80223580982,1448.16175058094,1698.64188581,323.608795956425,129.541565094064,185
"186",1136.5732890319,1441.99588574566,1695.85927998745,324.240014605453,130.271384732599,186
"187",1120.18542713272,1412.51287509359,1685.88716055806,338.349378660687,136.954755986911,187
"188",1121.46414370198,1419.50526702469,1690.57724316638,344.328520326359,138.122503851604,188
"189",1104.17120553314,1396.43871713154,1684.12023604056,406.794662786081,156.757320770933,189
"190",1135.47261520964,1449.59581519074,1702.03868934332,337.332911379981,133.446531724558,190
"191",1119.86522996883,1420.63953491577,1692.32190759727,350.019898189959,139.464758145909,191
"192",1091.59857605145,1380.31570627979,1679.6380483561,428.462832727846,164.178726814229,192
"193",1094.14207553089,1386.74002340841,1683.03068309542,429.761359670521,163.788499594649,193
"194",1102.5879684047,1397.30913823033,1686.97996319102,419.243610631247,159.470257532987,194
"195",1109.52198621758,1402.15093801189,1687.98492269859,366.211919814944,144.972373753675,195
"196",1117.47565967654,1412.4126058317,1692.12281330229,361.14048100843,142.454262951194,196
"197",1119.61236426373,1413.19078702157,1692.14119005553,358.699255742359,141.484653866073,197
"198",1130.16841621409,1430.54437219003,1697.66994927424,347.45149195282,136.605460110926,198
"199",1145.68857415632,1459.4996297576,1707.86738962563,335.322473844384,130.43748844906,199
"200",1156.10773575072,1477.93596295873,1713.9761208936,273.279643174564,112.898525088544,200
"201",1129.06574817097,1434.52441626485,1701.73160491934,353.14473311296,137.460745816841,201
"202",1099.40695368181,1395.50226617207,1693.19793798911,397.383511570319,153.69880944621,202
"203",1104.76969974763,1402.49592445696,1694.69882311129,388.922703334009,150.839729185019,203
"204",1107.22417079105,1407.24136376315,1696.50303134884,389.922627951039,151.031763195083,204
"205",1124.01050921538,1429.1723175084,1702.7072685871,372.276639398748,144.221782548561,205
"206",1141.68721836338,1457.5961891001,1712.03868785568,302.470777144869,123.789607159536,206
"207",1151.68249940479,1473.14139127165,1716.97947131581,294.884488563694,119.806814998109,207
"208",1129.48777561236,1436.26311375358,1705.70965831784,311.273124339198,127.354163314862,208
"209",1116.77357743521,1416.05925032549,1699.9623837456,323.472017627755,132.383340799638,209
"210",1157.43994987534,1481.67502751089,1719.99787893566,288.074881578843,115.894669565266,210
"211",1152.57572477715,1471.55618041474,1715.58174102259,285.612270643383,115.677939352301,211
"212",1122.16365895125,1423.46207493381,1702.65559844614,314.825110520355,128.056362695047,212
"213",1118.06193878954,1416.59931342771,1700.53769596419,317.267286994881,129.385151702944,213
"214",1119.60117729162,1420.28453976703,1702.68450123108,317.913715600569,129.194448018744,214
"215",1114.15341283615,1411.83939466879,1699.93314744002,321.944633530251,131.296060163928,215
"216",1129.7327366234,1440.59854924098,1710.12723811446,312.409351484155,126.235171604348,216
"217",1123.29311731306,1430.37916934118,1707.16971946658,319.803288831662,129.666882135109,217
"218",1122.24865644098,1430.31094946672,1706.79869384358,318.180017020451,129.612396609853,218
"219",1114.3660882978,1420.60890022572,1704.35901074979,324.586945592307,132.458324437615,219
"220",1113.34897618896,1420.23872809157,1704.56276880344,323.955829376182,132.454969038731,220
"221",1110.97106630973,1418.73691985123,1704.6066834319,326.370566451655,133.60694600134,221
"222",1120.70908719216,1438.99003391026,1712.30160204285,322.675163137973,131.071547249265,222
"223",1129.50882606266,1450.67691522042,1713.23882715405,305.786513344743,125.696462456293,223
"224",1128.75151033088,1448.9391118246,1712.59871580736,306.457940032257,126.278105674481,224
"225",1149.63243480281,1489.58430580053,1726.64421697192,293.328902183423,119.186087955372,225
"226",1143.86451797418,1477.11905783393,1721.09274218848,290.9511599029,119.508888242974,226
"227",1174.60374630981,1533.80411225995,1745.55589744459,296.762163702807,116.525210650278,227
"228",1160.65477207285,1515.43112365532,1739.06537795901,300.908986900392,120.052629431726,228
"229",1146.61056185313,1494.07970712442,1729.76132904635,298.365327771133,121.700131939095,229
"230",1165.46213454916,1523.44587282695,1737.49556691733,280.292815219018,114.051283195947,230
"231",1220.02697537448,1586.87401278014,1763.98705990704,262.053643803685,101.869296741442,231
"232",1243.38604484688,1598.32616884068,1768.86529825301,255.202514467973,97.4159729168198,232
"233",1177.38012915466,1546.73700721384,1745.7203606259,267.767913780325,106.817971543602,233
"234",1115.00672566762,1448.82835954783,1717.00979397064,315.914041588805,129.414083678911,234
"235",1108.40404631758,1461.99753928385,1727.8357914924,341.048866477056,135.904035979679,235
"236",1135.68341403675,1500.6044256241,1742.69658882157,336.079311871469,131.506240141289,236
"237",1137.84939688047,1502.30953754692,1741.96862939204,327.809390422322,130.107010953091,237
"238",1156.29057602582,1529.41443582487,1750.32410491923,315.234264051418,124.98536072025,238
"239",1220.85831863771,1606.75899116928,1769.29972211045,284.414889519547,109.707514737612,239
"240",1151.87025510932,1527.44208959648,1748.16175900968,302.212768543191,122.24247442314,240
"241",1121.41977685573,1477.91034596312,1730.41046754221,307.238708777849,128.158322043517,241
"242",1177.00968202002,1571.51869346996,1763.09306048848,279.412416094528,112.026337656483,242
"243",1219.88901525393,1610.3218567727,1773.32122440051,271.886894032294,105.465157541593,243
"244",1151.44556990366,1536.63057617872,1752.53717311316,286.245131048601,117.252671036085,244
"245",1162.41387373198,1555.48018050147,1761.80700922421,289.8538482662,116.247667642065,245
"246",1179.16176087617,1585.20701777663,1770.28501133959,291.965280841982,113.583375564619,246
"247",1178.30246958686,1580.80906174268,1770.78523237972,231.671516512099,92.5720108619666,247
"248",1129.21889559977,1505.07055400415,1748.8034374637,254.402447423102,103.559181149154,248
"249",1111.40866810736,1471.44227283315,1737.97777686428,263.484544835481,108.159678229807,249
"250",1108.4754899099,1466.31200529134,1737.31564966292,266.012430138283,109.062237120453,250
"251",1107.36412062479,1466.33673218763,1739.25715576071,255.935389885244,106.599552498139,251
"252",1107.0874633054,1466.48134997007,1740.21075797625,257.438597812224,106.983034735365,252
"253",1109.92108765333,1471.30317443787,1742.1989020803,256.869906027408,106.464081354276,253
"254",1115.03162821914,1478.97141342728,1744.59989003692,254.296530946161,105.123448742404,254
"255",1122.4096842862,1491.4524153612,1748.12960817177,250.161415939218,103.091573222116,255
"256",1122.86128510447,1492.01236680282,1748.43507718744,251.016692346958,103.472663294872,256
"257",1122.29145751949,1489.70716989364,1747.46089295241,251.73110893688,103.992562080472,257
"258",1118.3428657112,1487.35948667802,1746.81004917223,254.28032191381,104.906773227251,258
"259",1118.6169001293,1486.06626994538,1745.35930663003,254.059706147944,104.958303028571,259
"260",1124.61031212153,1505.35627379245,1753.69595384839,256.216456329328,104.32118284492,260
"261",1139.412549279,1520.91350081809,1757.5560637415,251.040766850632,102.025689965691,261
"262",1140.32118166883,1510.93391928631,1750.45622186255,245.999555674537,101.152790262918,262
"263",1132.70153228206,1495.34319569185,1744.24258453242,249.064016529397,103.068223140283,263
"264",1148.36141294227,1520.32989185274,1751.38547576264,241.906739550582,99.1703945051622,264
"265",1154.68293448744,1527.11787225597,1753.14659060532,240.170300681764,98.0498614728434,265
"266",1140.68351934022,1500.50672760382,1742.10084198905,242.801238778999,100.369251597611,266
"267",1135.35326054857,1496.28143092642,1742.28075782766,249.142517042482,102.524195598096,267
"268",1126.34120487844,1484.18411934225,1738.30208077495,253.893273899883,104.653524379868,268
"269",1138.16914466529,1495.27127517077,1740.53994510701,248.598116738911,102.380329762086,269
"270",1159.20626718895,1522.44690113066,1747.76556835195,238.434581284946,97.4595835998737,270
"271",1177.14695040583,1533.49500818294,1751.45330801178,235.990305268857,95.9148982969868,271
"272",1129.13806762172,1485.55935787064,1736.02786026639,252.736568270594,103.161900479735,272
"273",1109.73376540456,1464.97190433001,1728.10469765956,257.626697018185,105.42138372784,273
"274",1114.33538291683,1467.71702557923,1728.86916782755,257.520583327017,105.168561080771,274
"275",1172.91734673307,1518.93311712168,1745.7103316412,242.00822773545,98.2073938914884,275
"276",1142.40585103954,1484.57522301734,1734.44158317268,252.986887036601,103.118476728026,276
"277",1166.18444562425,1508.78196719115,1742.65125341217,246.323916583021,99.7138549026885,277
"278",1174.27376564976,1509.05282665564,1741.4198886061,242.542211872715,98.4975352067526,278
"279",1156.57010031138,1486.88166192687,1734.18824193021,249.250740537687,101.657353893818,279
"280",1118.41203040227,1460.91810042676,1725.30807732546,258.706577570616,105.243957411648,280
"281",1166.38663154209,1510.53073171546,1743.18834145175,247.115191667989,99.5044849848649,281
"282",1170.20665866591,1505.18199676797,1740.37134437423,245.450622929275,99.5482855003052,282
"283",1162.80195821997,1502.21478170462,1739.85533084802,247.749326326934,100.320462189372,283
"284",1102.48967321708,1461.02023808281,1725.35573013205,260.972868602651,105.517344414365,284
"285",1179.91191282888,1532.19707309331,1750.86236817585,242.76193021735,97.2510745574533,285
"286",1205.5113376992,1561.9872501168,1761.29658202622,233.00710573121,92.6014662973258,286
"287",1192.14034080882,1556.73348184634,1760.98000347638,242.350215372774,96.5144295397197,287
"288",1170.43453720294,1554.70581725346,1763.78372614484,257.707098827862,100.546807708667,288
"289",1177.48589217397,1573.19901776153,1763.79679687613,295.152792813632,108.442207467415,289
"290",1153.69440925556,1539.28190811665,1759.03348021885,291.315934369722,110.306723442203,290
"291",1146.13818991741,1528.93625822134,1755.2854441304,291.257556177591,111.114094960556,291
"292",1190.15861028586,1571.67273077162,1768.41959337511,254.521475681117,98.9655926500332,292
"293",1175.61890821133,1563.26016474472,1764.65071732197,286.193791357289,107.106781720597,293
"294",1224.22762998547,1603.64754766034,1773.28905083266,247.008365080406,94.3156560913636,294
"295",1227.68596021847,1588.19761288678,1770.85596209312,234.320883686035,91.029517608613,295
"296",1236.42339479525,1596.12555704886,1773.32889821515,231.670514999304,88.8996984375696,296
"297",1204.00471075679,1581.72592005951,1767.93767725306,216.912807544308,73.2258958762038,297
"298",1202.45947178857,1561.8525167156,1762.42644085912,214.805113336062,73.0282955481059,298
"299",1353.86346897651,1660.32491488659,1785.66690114733,167.861201531666,53.2936117181451,299
"300",1428.17254283193,1687.75589999373,1786.37557159281,160.543681482677,50.7048636792626,300
"301",1425.05780020298,1687.96494005205,1784.67609109133,171.268718138717,54.0205593170675,301
"302",1272.86301264781,1624.51587853554,1765.68235176672,202.084447939039,66.1426246553843,302
"303",1241.87166419933,1601.89221905974,1758.52012477022,209.782249432595,69.5578939112281,303
"304",1258.6630484547,1597.30405963169,1760.35119736632,207.258665360338,69.3589235424596,304
"305",1355.36320857843,1643.75128765284,1772.85399999015,182.677610959084,59.4995230120875,305
"306",1349.30672070698,1647.10617065653,1772.22192745408,190.088882842768,61.9400878324061,306
"307",1322.74498384792,1635.04548050616,1768.99617456135,196.38886662194,64.6404568621321,307
"308",1254.2911053783,1592.30219276544,1757.71051962423,213.85793493461,72.2646423220216,308
"309",1201.22599362673,1561.91977879958,1747.61693817768,226.429904624244,77.3746304956698,309
"310",1210.69455348272,1562.86400645012,1749.15454036347,225.352780798126,77.3346420166665,310
"311",1134.51515968943,1533.38888711703,1732.63452043864,233.99084882547,80.1021599263824,311
"312",1219.95636953769,1571.01102058536,1753.20470481983,222.900464635096,76.4311153681261,312
"313",1259.78143150609,1592.17605281572,1761.83642241317,208.594128366757,71.0525803944884,313
"314",1280.32692664571,1606.96552681453,1766.13518669705,202.526091778742,68.5682569759819,314
"315",1235.11072173402,1581.32037800269,1757.5482129767,216.897953108267,74.5403963077911,315
"316",1231.7270024326,1578.65707413072,1756.88471485607,217.09676815741,74.7589081722058,316
"317",1232.78774558113,1571.6595618958,1754.88677784403,216.444539323309,74.9536879256256,317
"318",1239.84864614392,1578.30911423526,1757.94293903125,214.099344552214,73.9279212351169,318
"319",1214.58309076884,1560.84085253185,1748.86762443957,222.436005577671,77.4435107957864,319
"320",1203.99605064287,1555.40470868053,1747.3833385927,224.183935609802,78.1173504027735,320
"321",1221.44897579202,1566.80916854757,1752.89332657487,218.417535235241,75.8239505888331,321
"322",1186.02565415464,1545.99206802585,1743.62360994307,226.800707818188,79.2364877665876,322
"323",1101.22434227815,1497.58928569924,1724.21247472283,237.592652073475,83.1112036150199,323
"324",1075.63248969016,1476.71135501471,1717.99636546791,241.145923130574,84.6373811979764,324
"325",1100.57591965788,1484.9886641949,1723.66028315137,239.19571250941,84.1518370301776,325
"326",1181.06662093596,1549.53054540528,1749.05056671624,225.999259988728,78.7944724302854,326
"327",1196.67554647113,1534.99711072906,1758.15297658074,227.787627404386,79.6888264283731,327
"328",1205.46505190206,1544.44696266508,1760.84778190332,222.804259064489,77.7778878638312,328
"329",1263.83457291085,1606.89283844511,1768.50142546892,203.42443538146,69.0574627460425,329
"330",1294.32921587267,1624.77663122388,1773.07797163635,195.633813104678,65.8380992943534,330
"331",1247.47886972219,1587.45766805625,1763.55178920155,208.229429874598,71.5113284123839,331
"332",1218.3073099976,1566.28799434887,1754.66610680068,219.158144821812,76.0546425395187,332
"333",1197.1480638315,1551.89495565947,1746.31055202874,226.695380220776,79.1046615159835,333
"334",1218.81298539457,1570.50605960464,1753.01258657792,222.667107005759,77.246167708242,334
"335",1188.08334159034,1553.48112142302,1744.5770166004,230.891927982039,80.3851891407239,335
"336",1229.34265759755,1576.53396546866,1756.52700205865,220.872849943385,76.408012894873,336
"337",1275.16791946048,1605.74538088398,1765.33674772261,208.387304033778,71.1434865595883,337
"338",1284.43267689272,1611.11133271787,1766.0451902535,206.241945517747,70.1644501439188,338
"339",1307.27983811392,1624.21314609389,1768.07173865359,202.137967855465,68.2792413668359,339
"340",1266.89994647385,1600.75340239602,1760.12740537914,213.536141053529,72.9852746290524,340
"341",1224.36879644752,1573.08601715897,1749.66995706924,223.14590507494,77.0946605788006,341
"342",1219.48503060566,1574.12331264428,1749.33042208422,224.215178933802,77.2612937140102,342
"343",1175.81298376305,1547.57314467236,1736.45973664313,231.57089766071,80.4330924623391,343
"344",1166.86499040721,1539.00210634529,1735.65639172725,233.403345926421,81.4387467339683,344
"345",1148.93916488246,1528.35976132178,1733.33676619106,235.224630833865,82.1749554702123,345
"346",1167.60868260005,1535.49005206089,1738.97719180103,233.192236013724,81.6102439627047,346
"347",1134.98194300466,1520.81356307367,1733.57409922774,235.719526855775,82.4519424986753,347
"348",1192.23267163257,1574.58373672896,1753.5660826937,222.567442607363,76.1868393147071,348
"349",1270.19458355348,1619.39182434537,1770.38359910419,204.969132244225,68.9283519821778,349
"350",1437.26503753668,1697.51127063059,1788.3485839847,172.245637024125,55.193725520028,350
"351",1693.96695482717,1789.95565342319,1800,112.119220068264,33.4642088579785,351
"352",1593.21078342908,1761.25123794373,1800,126.693128935689,38.9167752331892,352
"353",1342.07180713045,1650.88836699414,1778.39980917351,186.17802722558,61.6244727143801,353
"354",1210.24475086309,1566.11882656287,1755.09234554216,222.416547269631,77.0281463685874,354
"355",1199.59968331941,1554.26401489799,1749.60543929489,226.545124919436,78.913829110599,355
"356",1207.98862302914,1561.45769360202,1751.68470547468,226.383818330485,78.6410465452323,356
"357",1212.65681881814,1572.51293904338,1755.81397161888,225.164739072488,77.5409874170491,357
"358",1261.80681570645,1609.44132216302,1765.61385195697,214.797809058645,72.7246037616644,358
"359",1229.35489625933,1593.74645468371,1758.49752305548,223.875033379575,75.9843356988539,359
"360",1174.67908597612,1570.19222641264,1745.26076674829,232.273960891032,78.816935476448,360
"361",1073.75146551408,1532.9100733101,1720.86719954159,244.06986994593,81.796215169225,361
"362",1170.31458479226,1579.92185498308,1742.68232554845,234.053588443012,78.3283672066076,362
"363",1306.42933757153,1636.55158876913,1772.1756133322,214.069107956938,71.6507258510887,363
"364",1361.27780551764,1660.25313190833,1780.21043916229,199.814822265147,65.8926627597449,364
"365",1358.43254043914,1655.31719757211,1779.04559349334,199.774440480993,66.108050356645,365
"366",1436.93733442984,1690.67802269961,1786.77769239762,187.254074928104,60.3116534310246,366
"367",1568.39110612348,1751.01574361147,1799.08223530967,112.035939266215,30.1763062523509,367
"368",1561.70997930552,1745.13452831564,1798.87810489286,108.327726622056,29.2595580174942,368
"369",1416.47949874357,1679.35198010946,1782.6062431276,155.55514324312,43.5755482875109,369
"370",1186.82713784306,1566.51258931098,1741.04231650768,238.283451806538,80.942512278429,370
"371",1187.02589660494,1566.72602619838,1742.22974246388,237.953356199804,80.9340689858649,371
"372",1224.50640478416,1593.90868813655,1752.60022574403,229.380898268541,76.9076972607438,372
"373",1234.25306844141,1602.46877151076,1756.19978566716,229.67753252948,76.7881132520534,373
"374",1288.75042478126,1626.36834539278,1768.77970713277,222.135944867069,74.3048516448544,374
"375",1305.05106320384,1634.61362850458,1772.36843180204,216.368475331829,72.1012060716803,375
"376",1311.0392193007,1638.7537712829,1773.32692991148,215.055751009591,71.4887509888258,376
"377",1390.53114312614,1675.48818590153,1783.08715144183,198.314272693615,64.3761961333956,377
"378",1388.6897095098,1673.15825706057,1781.3293244832,198.701016511243,64.5565950142275,378
"379",1234.4171330079,1593.39153710743,1753.3119146483,228.610290446544,77.1022293639458,379
"380",1288.03384592008,1619.72255026975,1763.20680704826,220.854516735235,73.9930006821151,380
"381",1167.90713665806,1556.34786600592,1726.90712934298,191.271802116991,55.4789976984497,381
"382",1207.75734933288,1574.30926770526,1734.41543791257,188.518631971415,54.5582956864783,382
"383",1123.55763935048,1640.49442937662,1756.42867297021,167.306941125341,47.5180887321956,383
"384",1046.96357524935,1630.68164351106,1752.45247201913,171.449971110863,48.8652591824902,384
"385",783.565940971308,1540.92776449884,1710.10163265122,186.066682637682,53.7035545123837,385
"386",829.431743100554,1570.92774086155,1726.12481629456,186.493450216527,53.8251730115869,386
"387",918.566558182317,1605.4806558736,1742.66335796074,181.686070720499,52.2150316824802,387
"388",1018.24854236241,1629.88482208705,1753.07688459934,174.421862028785,49.7757922265968,388
"389",1350.28410968291,1677.82792762791,1770.1371203568,149.51286116006,41.6537006483949,389
"390",1609.97008161902,1747.69177969257,1793.40248187665,102.545241439344,27.6299906053973,390
"391",1719.0703467361,1781.85948755102,1797.38636428942,68.8977182607785,18.3185229557378,391
"392",1614.71226981548,1750.00652499985,1792.53736663308,100.629797712582,27.059586952398,392
"393",864.161307991617,1587.05333256668,1731.34873860315,175.395048845471,50.3335179029308,393
"394",664.458070699843,1506.23948015809,1695.02434031391,188.651467799531,54.7860760118044,394
"395",1039.87361781719,1496.57863153075,1699.26998397446,199.34569038161,58.3840842444363,395
"396",953.997208745315,1451.12458260951,1678.27497843204,239.170698116744,80.1647908972237,396
"397",1282.25187704915,1637.32759913253,1768.02361588153,210.854140939467,68.8608858289863,397
"398",1273.13100669954,1631.60204756231,1770.60389029093,214.475383399839,71.0784119203702,398
"399",1308.60230980388,1649.57639742382,1778.32379062891,206.107451208961,67.6729476580007,399
"400",1424.29778174979,1700.07870936972,1791.79873501469,184.891383299574,58.8693236143626,400
"401",1275.77513823915,1634.76727456,1775.58008039984,209.786194952651,69.5022366190533,401
"402",1215.94108331763,1589.25005709156,1763.84144097025,222.999251825922,75.8830543610263,402
"403",1251.32859767011,1609.9044589815,1768.53412150371,213.883601474267,72.1682710606626,403
"404",1243.17538196112,1601.95597554815,1765.79218928286,216.73686302557,73.6091783524995,404
"405",1232.36351750263,1599.98907067509,1752.81931161738,208.287475996835,69.7760206952171,405
"406",1406.59598334318,1676.83987583628,1777.35814980781,178.071752457025,57.0733329896605,406
"407",963.989225359831,1643.00022989706,1761.12058579111,199.869949966329,65.7147638138964,407
"408",660.147179460971,1546.92564231202,1718.14198223744,181.434827730689,52.6324100816428,408
"409",641.669120478996,1527.92417982564,1707.5952787819,179.160875861807,51.8929822741584,409
"410",572.928269741047,1479.9242276068,1684.19897975586,187.35154837215,54.5183660873812,410
"411",536.646627826531,1416.75182651326,1651.47599068008,196.428196047816,57.3616644881147,411
"412",576.930967023191,1471.01803982231,1681.52998736974,195.418320402472,57.0026777605807,412
"413",716.213754222702,1565.21194160382,1726.06954491216,187.880451171133,54.414084962762,413
"414",921.629543954804,1630.14602586759,1754.54709877075,175.954151267274,50.3541956289153,414
"415",1050.30056605004,1651.03239668878,1761.6670852377,168.329400257686,47.7159797927966,415
"416",1194.98148115101,1670.48618802432,1767.76838673692,159.579545923859,44.8207080745672,416
"417",1430.75858075401,1702.0430549604,1777.41598011397,145.333739310243,40.1879944316366,417
"418",1584.60076363606,1740.00894909679,1786.32291907799,112.251731023611,30.5169110532778,418
"419",1693.58205054769,1772.2097590865,1794.97818780768,84.5862179513778,22.3974285660554,419
"420",1586.5898185358,1740.58306716328,1786.73537182649,110.811748267857,30.018199113051,420
"421",1301.12211515979,1681.67858719503,1767.80453796085,151.909810105894,42.1710904857209,421
"422",1211.75618617242,1663.95038967852,1760.45113071432,157.887138235292,44.0435046556106,422
"423",1063.52826824221,1634.14549655264,1748.54470730909,167.366561865273,47.0813674240668,423
"424",1020.64086283009,1626.80262910096,1746.12684512221,169.322108520059,47.7873526920858,424
"425",962.246067933018,1616.24284928384,1742.87829000731,173.084147937713,49.0943624666089,425
"426",1010.19609626184,1627.37375525627,1746.92888410562,171.136899460108,48.4740640619838,426
"427",1081.38449273666,1622.76898934609,1739.45394611422,163.848567478538,45.9081238940414,427
"428",1596.18464250059,1743.05212402623,1782.74776456892,108.137293275554,29.3011078540319,428
"429",1748.43800682197,1791.04359770868,1796.55537721877,68.8781805500243,17.8704338539521,429
"430",1456.22706110787,1709.48659018805,1778.49176061302,127.303772516828,35.4840036193558,430
"431",1195.17821379425,1674.5057223954,1767.18624559684,135.404689048216,38.6260775284227,431
"432",706.10946842691,1524.49429601566,1701.8444136811,186.949616558245,53.7350626956503,432
"433",849.749372234988,1599.08979265072,1738.81630454124,171.733827821662,48.9018547206305,433
"434",782.990612533959,1597.74301956335,1742.52287944868,174.26864447017,49.8552345317058,434
"435",794.241041043747,1621.90338980119,1757.10334709919,172.589636000997,49.5528219489116,435
"436",673.292764881375,1598.06015316419,1751.98327548865,218.909935554867,73.705831742127,436
"437",797.195939559658,1631.30962062384,1766.78759567403,201.530567803838,66.9211902267547,437
"438",871.61477775553,1647.55798871303,1774.37957366817,191.101583478598,62.6234294651235,438
"439",756.33618724,1631.53983973015,1769.34513417494,196.822702540197,64.9038972168128,439
"440",1244.09094386029,1625.84138043228,1782.59436639632,201.51296654737,67.2963525854802,440
"441",677.275850865746,1495.43015918677,1740.80923191965,229.504503204192,77.7317610248094,441
"442",797.994412398504,1511.60877746758,1753.86821144266,225.762311561893,76.7295000934458,442
"443",838.85722923664,1477.32424706868,1744.25276554405,228.84888842362,79.4786807381226,443
"444",887.914701601794,1470.45443582832,1742.04912838292,225.074245156708,78.7283243141417,444
"445",984.511540385844,1512.47818069249,1755.22600744329,210.242761302753,73.0796366819705,445
"446",1065.07977763475,1573.52175005097,1773.07741743329,195.121391818687,66.7348164259984,446
"447",1318.43134617181,1676.26909090669,1796.95726870296,159.493325888431,51.8410490445146,447
"448",1088.57198059524,1592.28507751595,1774.78816846154,181.185732773524,61.4441041970108,448
"449",1022.85486341732,1558.34575621827,1767.66583988142,213.090166978031,83.8039844819674,449
"450",1282.98119015449,1662.48570580996,1791.87584418375,159.81616411032,52.2757699911531,450
"451",1087.33780865043,1597.52491699967,1774.86457895461,200.284635411868,77.8859972829523,451
"452",1041.95120486679,1584.82976707229,1773.30645521558,211.741869117776,82.1993573482305,452
"453",1136.34030607241,1626.20682369402,1782.81599263796,205.237058530361,77.8068388226534,453
"454",1086.25533103362,1593.70242183898,1775.71417239209,187.811823729911,63.6742706850922,454
"455",1190.61539818959,1630.78835849333,1783.77618050839,177.033925975567,58.8340702584334,455
"456",990.461195113401,1195.00844115289,1552.949329517,381.863471372099,165.093373843617,456
"457",993.282391067815,1198.61076124438,1554.73337943153,380.370585241207,164.458176655665,457
"458",978.864420974462,1185.73616391849,1546.34778420313,398.97962679526,170.387305318337,458
"459",990.834229182905,1197.24332927194,1552.71731319496,388.010584263728,166.739013440121,459
"460",1014.06100952649,1224.77769077668,1568.86885820524,360.449905345215,157.486786890215,460
"461",991.056139934691,1202.13498845215,1555.32544800603,393.494084360999,167.984598718028,461
"462",1005.80892654384,1222.61569692528,1567.14477382144,380.503435625092,163.0787071558,462
"463",1013.644713834,1236.22431084118,1574.4032557884,373.352406256259,160.081328508187,463
"464",994.078314826483,1215.74586488983,1562.74149298922,397.286991714823,167.596235473631,464
"465",1013.48743559396,1235.82319463278,1572.60553712095,374.196304105947,160.154286184127,465
"466",1012.68174319035,1229.93325916906,1568.3924305151,372.481524950393,160.216699209763,466
"467",988.940891711082,1204.63735424831,1553.32248759249,400.933273077941,169.634697049744,467
"468",1003.02117409318,1215.82871025252,1558.88577995377,385.284759128858,164.899479567639,468
"469",1008.36445686294,1223.15599819254,1563.57763939704,379.571657598066,162.837807338313,469
"470",982.913845302519,1204.12034825811,1554.27697070754,411.626027056955,172.265670908646,470
"471",990.170592862151,1210.8386201461,1558.15299984076,404.08281088546,169.893529362652,471
"472",1018.9379570681,1238.61743830319,1573.04803105058,369.709360419724,159.275363676063,472
"473",1021.86856059937,1246.13584498105,1577.52952329031,370.139568400387,158.984312587282,473
"474",1002.37605927672,1224.91614389558,1566.11981441295,397.787290049668,167.882788558578,474
"475",1007.94415069599,1230.19039953883,1568.40906520719,393.554900778122,166.5788922097,475
"476",1011.91240776388,1227.72409929888,1566.00597921623,384.332937987786,164.523285715756,476
"477",1000.41976105345,1220.06542872339,1562.41065794241,401.592726330507,169.401127458016,477
"478",991.339880553534,1218.63587217453,1563.10720344759,414.64289621362,172.596607628994,478
"479",991.376778996833,1219.24839323992,1563.62276281434,415.161789453714,172.692105276887,479
"480",1000.95393395034,1220.0507659701,1561.35803536484,401.615893463584,169.578935529927,480
"481",1022.33459697115,1248.17207604577,1577.08346020413,377.125146532031,161.037604513818,481
"482",997.794290806551,1228.5968427792,1567.98742971577,409.547425417958,170.257087113602,482
"483",978.302662201274,1211.46636801558,1559.46732929137,428.965122128523,175.994413481486,483
"484",975.915484182004,1214.85544957228,1562.42384623697,433.457026556665,176.620761764735,484
"485",992.456170291528,1213.26225419545,1557.87891752125,407.954762765659,170.741232347503,485
"486",998.057051136791,1234.42348624549,1572.49957330065,408.496976054667,169.047051055793,486
"487",998.706912111442,1228.12996784797,1567.86084327201,406.3197051586,169.325399616727,487
"488",999.737204642727,1228.98472573872,1569.07295583314,405.45171650003,169.00428408507,488
"489",1006.93988555745,1237.55885786514,1574.46683434809,396.667753431365,166.025760723501,489
"490",983.532573740771,1203.95809980883,1556.32983619025,415.515741398392,173.411060826011,490
"491",983.582116234747,1204.05789546592,1558.19333328252,413.270565541651,172.788685004606,491
"492",999.778644499119,1229.15917802283,1574.35155684661,399.692069644764,167.384962794196,492
"493",1034.13581482293,1289.28007657517,1603.1880875898,368.410355829488,155.527126126572,493
"494",980.86666587595,1277.93660718243,1605.49253671827,445.109433826615,176.89979996926,494
"495",976.31068101191,1268.07028451804,1600.99782847837,446.667678669712,178.370678880912,495
"496",1025.92070882136,1276.73058456494,1598.46424023708,373.85060457609,158.490785456448,496
"497",1080.25857702452,1364.32845530124,1637.64470832469,318.020745439325,138.656254705714,497
"498",1111.41444294714,1439.11483069288,1670.25202987115,305.150834456276,128.786333547347,498
"499",1063.09280213506,1347.32673355534,1629.05679560344,353.402190710174,148.202483655939,499
"500",985.66208188289,1209.91779198323,1559.34148943158,425.528084480529,176.512546584874,500
"501",1006.40166478129,1256.31925251802,1583.59808810831,421.507274498834,171.886029095967,501
"502",1059.89908522303,1346.99809192801,1627.9670231175,387.579132369178,157.089986455912,502
"503",1000.0830832409,1266.54907129786,1586.98719765415,445.538125672214,177.359508278961,503
"504",1032.1851504109,1304.89328432186,1601.37955975986,418.14498010187,167.942528296711,504
"505",1077.42442265024,1346.80034365134,1631.43897394592,378.846072369624,153.103981860747,505
"506",1031.60844473664,1314.52564860585,1609.47978694816,436.518240797593,170.461089580733,506
"507",1006.56158836291,1273.98935702644,1582.22017890744,454.410802524657,178.70756945955,507
"508",1038.10362325503,1282.14341166465,1585.09554800998,417.488175358047,168.803499639607,508
"509",1051.43285997693,1281.45856228002,1584.9525701243,401.405235571045,164.916758232189,509
"510",1051.87073166389,1279.31234474328,1583.29904440361,404.773990424342,166.198110485442,510
"511",1048.29422899986,1276.57553233705,1581.06108312406,413.804669728368,168.97760912276,511
"512",1040.01955911577,1274.35209763772,1578.91097500212,424.658489287276,172.199931890563,512
"513",1048.34273654021,1286.49275131359,1590.48484921654,422.509581623722,170.124990387096,513
"514",1031.54931691854,1273.90231649184,1578.47195243992,436.541387754935,175.54483895846,514
"515",1047.71013208143,1277.92935319155,1582.57213032991,415.534863524905,169.791672260784,515
"516",1052.38371819348,1283.84048428891,1588.07652741197,411.445179849539,168.104427953584,516
"517",1085.93307385141,1324.17470866044,1620.85385000621,358.976953315726,150.23997762692,517
"518",1122.51840100204,1404.1874024247,1657.0483640719,300.790782161405,127.435848119284,518
"519",1111.26883837198,1371.30172154607,1645.03496014863,337.959853826617,141.056037303938,519
"520",1049.69560761036,1297.25881171711,1598.50119405222,423.950174238046,170.927299613846,520
"521",1063.09500717261,1310.24455053603,1609.16258196073,414.106412036095,166.851275389436,521
"522",1071.66374520601,1320.4062679035,1616.8509802358,406.114863162101,163.787742559716,522
"523",1106.1744532061,1374.38963107581,1650.14536096682,381.248642953865,152.221191360066,523
"524",1069.05310930207,1342.50689759644,1632.16798102196,429.320179377821,167.349736311193,524
"525",1045.01256756505,1326.97558204921,1621.3520521098,454.406089400572,174.851749557464,525
"526",1026.96163691266,1326.1659265955,1620.74499185875,481.355051885885,181.566702314414,526
"527",1053.65415237927,1376.99559834947,1654.65242907281,481.505412387623,176.785438862358,527
"528",1057.58095127121,1367.79300340407,1649.24329296839,472.268105031573,175.165983950847,528
"529",1045.923905833,1363.23540206173,1646.52263906723,488.818252775172,179.955546015238,529
"530",1025.19438439672,1344.1440166949,1634.08988065967,505.019813217278,186.728793726396,530
"531",1051.9605095939,1343.68779182983,1634.2563633219,471.36181070503,177.252579637624,531
"532",1071.13475502595,1376.97939564157,1656.10464004731,470.784503972072,174.134860033529,532
"533",1047.63826157626,1352.50081920878,1640.62837619691,489.147999462566,181.189090926818,533
"534",1028.54425472191,1334.72063234656,1628.28424764622,501.715994525725,187.12202034365,534
"535",1074.37952848354,1359.82569551036,1645.59496119411,456.855290071965,172.817321365501,535
"536",1135.44888903697,1419.08128243834,1672.37473194511,406.544468983816,154.80498123318,536
"537",1130.04026805106,1409.9816419904,1668.06328063004,402.345113984218,154.655587403609,537
"538",1104.11449743924,1361.30736483759,1646.57917469463,407.013862727084,160.350210046122,538
"539",1162.14916084827,1459.83040994566,1681.50964195061,324.559433169499,130.82394452307,539
"540",1242.97743909553,1553.81634303855,1714.15851421252,256.061188693232,102.241622689456,540
"541",1230.93371562481,1541.76472484944,1709.71598334824,265.046647111592,106.732703378906,541
"542",1235.07413615673,1545.56221479409,1711.0148738049,261.662092621385,104.652902985745,542
"543",1186.15695035956,1492.01528468523,1691.36589323495,283.094387813827,115.418581695033,543
"544",1158.28495860287,1458.19321523332,1679.29637649398,307.783796225021,125.035237465863,544
"545",1185.05441325209,1487.38483492422,1689.22212572226,283.174898042477,114.575392496767,545
"546",1178.73245913675,1474.58930316421,1683.97522337387,279.471989437508,113.958149937286,546
"547",1177.20802139339,1475.18366927282,1684.66489242739,280.537978134826,113.944564738816,547
"548",1096.27263985315,1331.4517759154,1628.29943830405,386.363390912931,155.480900138467,548
"549",1233.79997588719,1544.04390331026,1710.96960290955,267.257090552341,104.942716697209,549
"550",1249.27475304857,1558.46939799741,1716.33828432824,259.079014958883,101.317984868111,550
"551",1164.97598878823,1460.55755483922,1681.57135493153,328.15497705818,130.605797699855,551
"552",1254.27068127203,1565.998473999,1720.57499095945,283.536081075102,109.572335132023,552
"553",1182.42270828192,1490.33499932581,1693.32785128467,320.185686389409,126.452449675457,553
"554",1166.7422899165,1463.85081197755,1683.21462392408,333.120579459754,132.1209474214,554
"555",1085.49403505595,1358.95483337737,1649.95482390495,476.758784006311,177.46309658934,555
"556",1078.78928977835,1337.98283703629,1637.90164462762,474.204342129874,178.470882128324,556
"557",1079.47446309165,1314.6385436186,1620.98952814088,458.190654785987,176.522271064867,557
"558",1097.06355209621,1324.63660812915,1623.26795554266,385.231743420138,156.712515429105,558
"559",1096.70625432937,1323.23807976924,1622.50177076147,386.801058147133,157.18931952986,559
"560",1117.85890945586,1355.38106661072,1636.12065976319,347.850514343526,143.659363801947,560
"561",1114.79468021233,1351.39083486441,1635.56403403209,366.221328252992,148.724155341274,561
"562",1105.89459655333,1340.10639631311,1631.84845382813,391.189772161751,156.073849118429,562
"563",1129.9780433536,1379.58805644032,1647.42638512521,349.098334381201,141.096634544788,563
"564",1133.01019409307,1392.00678649883,1651.50627463653,326.339732471228,133.265819850976,564
"565",1122.37773655224,1361.84244991552,1639.26369392829,353.146022264173,143.842215195783,565
"566",1114.3957606174,1345.75436158572,1631.93397430843,363.042612717752,148.235794317517,566
"567",1115.77466295952,1349.18241553829,1633.82570976938,365.777745499975,148.672150118904,567
"568",1100.04241218704,1328.3500550618,1625.89854340382,403.605096809203,160.817797139408,568
"569",1086.06075305979,1310.56542396701,1618.31614538238,438.478874032432,171.861508920047,569
"570",1080.55822000014,1307.35045651302,1617.99469965055,458.633556849779,177.509160374646,570
"571",1076.69238883705,1304.06021498175,1616.26429761427,470.66778104651,180.98911033522,571
"572",1084.81055856507,1313.50237444146,1621.62006431372,457.586444373214,176.469579339791,572
"573",1076.55293734454,1303.72827043925,1616.64784593574,473.040553906286,181.710511259185,573
"574",1074.9640900337,1303.86603796657,1617.20779697138,481.060777413712,183.93228536633,574
"575",1082.28204225375,1311.15713268802,1621.07579186646,465.220257920943,179.161629002319,575
"576",1094.15827196333,1330.00867452998,1631.4068659963,452.557817330265,173.968717756145,576
"577",1117.64248218853,1364.97143942232,1646.29454042234,409.505256968869,159.519652147904,577
"578",1151.04818002115,1427.93307455941,1668.70228018977,336.422248944146,133.601524929912,578
"579",1152.96409222113,1434.29176108028,1671.76940597273,332.463907684302,131.857799089705,579
"580",1137.87969449334,1401.5792098561,1661.61182759193,377.316797699183,147.240746783693,580
"581",1141.90938297219,1413.82174266415,1664.72271315126,341.547157858376,136.1050921064,581
"582",1171.42289558619,1464.84982396456,1685.35173973745,313.372569754734,123.344500777053,582
"583",1143.17635839243,1412.80314412426,1666.78149273875,356.921798563442,140.291306937486,583
"584",1131.94742908501,1390.43237078744,1657.39472248443,355.847261587308,141.824324177108,584
"585",1130.59006028376,1388.48437289036,1657.75964396916,358.015027279884,142.483271909039,585
"586",1111.17750397318,1357.55332463122,1648.77599173486,399.020933963745,156.223415517842,586
"587",1112.36716985369,1363.84333236752,1653.74704728363,404.769028157611,156.781157470863,587
"588",1107.96575434938,1355.62056180392,1650.32100906081,403.175985733685,157.055145011727,588
"589",1102.41314139314,1347.58202911591,1647.43430709339,410.238893210497,159.768121342382,589
"590",1088.59331055783,1331.68645264605,1642.47818854964,445.000249975371,170.917811282163,590
"591",1102.6840301413,1355.25769044028,1654.01752299898,427.728763282179,163.805069082159,591
"592",1105.68030701606,1360.29955544324,1656.86302548118,429.546025268356,164.126228949396,592
"593",1097.8952640447,1348.15870504738,1652.06382122946,442.441669514789,169.110414885315,593
"594",1093.10840889402,1343.82243775325,1650.96326394818,455.006376703488,172.993351222067,594
"595",1081.87941126215,1333.06056128489,1648.46189429366,494.057821691298,184.491039727792,595
"596",1110.19433730066,1376.54285151967,1667.00866474722,448.69526681468,167.440882834142,596
"597",1141.87411989,1426.76375170041,1682.17117664709,363.047756567661,139.875310867596,597
"598",1129.11471216069,1399.3266174498,1669.54335376429,360.843752692961,141.768311986093,598
"599",1117.08217110222,1379.86265227492,1663.22292268546,377.181018787322,148.004240498699,599
"600",1103.96885701375,1362.01776779862,1658.91830721057,427.386438119275,163.247834312304,600
"601",1107.80572022917,1370.77289478509,1664.47836220392,438.767128679093,165.73624455887,601
"602",1103.1058898841,1367.22186322086,1663.77402652018,446.461947896372,168.9689851614,602
"603",1091.52340815104,1353.31894767656,1660.11644681009,480.519058307737,180.129253792786,603
"604",1095.0987509451,1361.86116935512,1664.74610569834,478.375873373076,178.83421212673,604
"605",1122.10352287339,1405.33880062092,1682.25265626134,438.128419473298,163.724663899392,605
"606",1152.32925843267,1461.10454932723,1701.0615310438,356.677028141576,137.35766100129,606
"607",1114.07773079007,1389.33504780695,1675.3193052242,412.221505177552,157.990505463791,607
"608",1102.98284658859,1370.89504867082,1667.74675177416,420.72991051057,161.733551033513,608
"609",1100.91773358798,1367.38772613299,1666.7368374781,422.773489681633,162.305371405445,609
"610",1124.43010028016,1404.86096360582,1679.21332231036,363.109570476925,142.539149288994,610
"611",1127.40864079977,1411.75197806096,1682.41302105415,329.386428820587,133.132553781123,611
"612",1097.66422488949,1364.03455527898,1666.71779022916,396.609309916223,155.518550492578,612
"613",1084.27159685187,1350.24324895786,1663.9960965235,452.076828204553,171.91416692593,613
"614",1093.72979754199,1363.0751251698,1669.51725832508,411.150291047801,160.106898360765,614
"615",1109.98018657905,1388.23512931381,1679.11632769384,387.055690199527,151.016033370607,615
"616",1137.99129621767,1437.94365855202,1696.24741782992,325.760262230327,130.288100279092,616
"617",1139.21874331738,1438.60091093574,1695.35676264939,320.337706901646,128.734640465151,617
"618",1145.18920810617,1452.07047331751,1701.07519958057,317.659114956244,126.773952694402,618
"619",1124.82657947848,1417.35907052804,1690.47095291011,337.201266045104,135.655508341274,619
"620",1118.5203926487,1406.73985644462,1687.02753387174,342.780457636493,138.168871085331,620
"621",1097.18289322207,1374.85863646455,1677.00366420746,408.066180513549,158.521771896187,621
"622",1089.00824286718,1365.54878106298,1674.35795767691,424.542872787363,164.098078343973,622
"623",1105.4297732134,1390.58251365978,1683.46046501764,403.565114059553,155.67836884468,623
"624",1100.0979876549,1380.80337572074,1679.04337921415,407.47950750757,157.819782091104,624
"625",1092.07936862095,1370.94823354518,1676.39861911508,424.608424880587,163.800734410308,625
"626",1100.97723381675,1379.86922661086,1678.04829260174,365.198501455431,147.686113236889,626
"627",1120.90936983128,1411.73246890142,1688.22418349985,342.358835812045,138.331336967464,627
"628",1143.3906262736,1450.68496354915,1700.66248368264,321.495527018591,128.885077278842,628
"629",1131.54470934582,1431.62011787841,1695.59130552063,335.49757847264,134.596816215915,629
"630",1138.51111705725,1447.03103044791,1700.83632166263,329.126482749888,131.415930850331,630
"631",1147.65290936528,1465.55835983735,1705.7650547845,313.573898507616,124.818939241607,631
"632",1145.22375721526,1460.37073219435,1703.74138004282,315.533807431875,125.737321806132,632
"633",1139.73608297738,1448.14580859412,1699.56627325853,321.428225647396,128.499645360772,633
"634",1100.99324914631,1382.71657686211,1677.81613625092,358.105048328292,144.715927634286,634
"635",1096.06916730148,1375.77068211965,1675.30169896169,403.457996773947,156.718252035351,635
"636",1087.20336809988,1364.50973091711,1671.58166536633,418.359766653099,161.930615590002,636
"637",1093.37728722898,1374.72431707474,1675.58786484223,412.528771745636,159.535938631507,637
"638",1097.06830307803,1382.61493064152,1679.66684722527,416.435180081417,160.179199740926,638
"639",1089.70769895689,1371.23764156072,1674.77034311756,424.910387114934,164.098871356619,639
"640",1103.39183723289,1384.91963171467,1677.53424451939,396.999736574373,154.965520710114,640
"641",1111.01415094106,1398.94588231704,1682.94985547924,352.293942940733,142.102000350178,641
"642",1101.72881805926,1386.49067056844,1678.50508346105,399.759524924817,155.622446071075,642
"643",1117.4577204692,1408.38058145532,1685.68562978733,345.195766689525,139.370490998489,643
"644",1123.4253206401,1423.61407753911,1691.67802123827,341.71260765444,137.166668536979,644
"645",1136.4485295261,1451.15053286512,1701.84021828708,333.227798876983,132.27833343249,645
"646",1138.77513959187,1450.1901154254,1700.50796368721,328.054088242542,130.754948421234,646
"647",1146.28388690956,1463.93516465425,1704.88513598862,320.274635217906,127.268722486471,647
"648",1159.98892345296,1494.48217437276,1716.64606394043,314.237157251735,122.73109376152,648
"649",1142.74813235134,1458.75357528447,1704.23298506633,326.537161811759,129.045300713487,649
"650",1111.68641959947,1406.44033065084,1689.5936927578,364.069330069579,144.009890355007,650
"651",1117.10764362986,1411.43695478521,1692.16327132822,363.277072484161,143.066685046997,651
"652",1124.08471437294,1421.59335462139,1695.49247057875,356.505182158152,140.056931045512,652
"653",1122.08337881672,1417.66943962577,1694.074229176,356.813470044686,140.388606549518,653
"654",1131.05082871784,1434.28098115664,1700.43314580506,351.249733422148,137.038668978319,654
"655",1130.52853045374,1433.76298661146,1700.13978682042,349.322405883389,136.443740273071,655
"656",1114.52163196882,1407.65239165275,1692.89489943536,366.471955085997,143.61543721334,656
"657",1131.14047179352,1441.80632169739,1706.83635290311,359.416930374463,138.749681180758,657
"658",1110.33760649987,1412.92824935545,1698.90904307254,386.181269421,149.235149896335,658
"659",1113.00754066207,1411.71816992222,1697.0333699237,382.046527163503,148.621200592531,659
"660",1121.61675636411,1423.5880833554,1700.07637181159,313.492385795224,130.546181977633,660
"661",1151.85260719132,1473.30264724008,1715.83544310295,292.296550603698,119.722164470274,661
"662",1126.95055235302,1432.69395111407,1704.48313230626,314.669342452151,129.263181543501,662
"663",1119.96744454826,1423.72624223705,1703.30098508211,326.248220808717,132.876906287272,663
"664",1126.95076436708,1431.02459495288,1704.08049788361,313.237432360791,128.026725968483,664
"665",1121.70620138906,1422.38961551459,1701.40735691652,316.672819129575,129.379966481953,665
"666",1112.60429328014,1408.41044580013,1697.36567387591,324.814091897309,132.708815590709,666
"667",1125.32275639073,1428.53314108881,1704.18660022463,313.44112161799,127.314247951851,667
"668",1119.70433223211,1420.52161516747,1702.12887146795,318.614724354377,129.540926010344,668
"669",1122.46388104485,1424.22089239517,1703.37897275553,315.094757989735,128.190909933951,669
"670",1129.53616742594,1436.06714854745,1706.76388812396,307.625077784838,125.113803961694,670
"671",1133.0308260833,1443.59281608212,1709.00564979512,304.901369624851,124.068281106639,671
"672",1136.63927550859,1450.95967200676,1711.64402291559,304.333052166353,123.703258795656,672
"673",1124.52888785348,1431.80675847064,1705.57987383333,313.338157498043,128.409474852007,673
"674",1115.80105253526,1422.45736698662,1704.19480890225,323.878911448819,132.485323307759,674
"675",1112.71598531365,1417.89412962382,1702.42508145823,322.954663366702,132.851259150038,675
"676",1119.31457734417,1431.85375376333,1707.43914420341,317.368228190123,130.225493361425,676
"677",1128.36535420515,1449.74690713889,1713.93867186779,312.756460951815,127.802530909834,677
"678",1133.86278959706,1458.47894956106,1715.52514733391,304.531937735112,124.983163503881,678
"679",1153.08321427312,1492.53653277627,1726.527580848,291.823017880574,118.648698294358,679
"680",1147.473923095,1481.97387545181,1721.97747853739,289.122742245718,118.778771694806,680
"681",1135.52668079265,1467.88263588651,1719.70818260003,302.947110064168,123.906223633809,681
"682",1170.53433332679,1530.56514138609,1745.73705907805,305.628332808792,119.434909349357,682
"683",1165.11289378588,1525.2736430096,1742.00283279361,299.124323501852,118.768214018524,683
"684",1162.49274804542,1519.0945947419,1738.2996490354,292.99881731717,118.018201424087,684
"685",1204.22138903762,1576.57003718115,1758.07434885599,271.775682369182,106.803102281176,685
"686",1211.2604664279,1580.44477419828,1760.14828201781,261.978230149425,102.46030721004,686
"687",1208.21958765712,1579.92573352609,1759.98162442527,261.688569537813,101.831922076831,687
"688",1127.82349168794,1461.49675039529,1716.67126983875,293.310663445678,121.330660152903,688
"689",1099.32316693366,1423.92015512256,1709.17533254523,330.800578521204,136.240363430248,689
"690",1118.8599955282,1462.82967531237,1725.76578570275,332.011735491555,133.659657462725,690
"691",1118.52837173922,1465.72024876883,1726.75533992817,329.779230426899,133.757483941094,691
"692",1143.4013764875,1507.29936510249,1741.46277362302,317.845780028983,127.517538238727,692
"693",1182.73400295937,1564.01300077331,1757.10091375847,286.718470416863,114.347007028716,693
"694",1150.11903812052,1518.06439956129,1741.22041676133,295.417056269,121.195823763587,694
"695",1108.84410089554,1456.4237317017,1724.69578381066,328.942446680235,136.446659661266,695
"696",1097.7890862649,1441.31164165795,1720.84758247764,334.452345580556,139.774622835589,696
"697",1204.99043004791,1604.8004725574,1768.38214222214,297.491796138345,114.893018943557,697
"698",1266.34013436096,1635.39566136796,1777.15796226015,262.879345076488,99.8436408858812,698
"699",1155.50327672734,1539.46019729136,1754.22186420428,287.168703962969,117.256530375196,699
"700",1170.09640054921,1566.52405385329,1765.21334064615,285.552271284148,114.04668069685,700
"701",1197.21370554534,1596.65567224471,1773.08955457841,279.548981392709,107.98819711651,701
"702",1170.0042203671,1571.99167829486,1768.11021560645,237.182905963225,94.6858945716305,702
"703",1104.2540992536,1458.60409605269,1733.33628829375,320.73788418753,131.052720771557,703
"704",1117.37371499478,1483.08901009573,1742.42614869284,260.905616796929,106.415401127877,704
"705",1107.95675635059,1465.41731199255,1737.28487952861,266.9538582054,109.265440540969,705
"706",1114.82046992743,1478.5207871452,1742.53271137805,251.060183605445,104.237030612968,706
"707",1108.38315584849,1469.98975793332,1741.91154797713,273.879847082048,110.922229071448,707
"708",1108.62859733676,1470.0570020662,1742.28048916482,274.545099194132,111.123701275783,708
"709",1115.35936185705,1479.35780685167,1744.13674580725,253.133414401262,104.802310499902,709
"710",1121.73487050581,1490.27603322375,1747.48708139887,250.091836524698,103.23639996279,710
"711",1124.90315189551,1497.1418208447,1750.48038996065,250.805640962241,103.188719733907,711
"712",1119.52057767552,1490.60750004158,1750.79792552033,276.405592895633,110.739408817617,712
"713",1120.48553609389,1489.8514780831,1749.38996413955,257.94391804878,106.186836359151,713
"714",1126.07330094328,1498.05797468821,1749.92305023989,252.402481016547,103.96319989932,714
"715",1165.7140687032,1559.33307430753,1770.20948865295,239.982963914353,96.3641500063896,715
"716",1153.63964718707,1537.12518550186,1760.88562647788,242.099614833566,98.4761333927378,716
"717",1141.81960330952,1512.21759803773,1749.73069971862,242.957946374825,100.272781580086,717
"718",1174.71215332805,1560.00702594361,1764.83823657775,228.301800213862,92.4002561742499,718
"719",1212.98659716453,1584.77159071521,1770.56550811748,214.235796155402,85.2404138361858,719
"720",1185.61861375008,1564.39549360688,1764.22027355412,221.873725372582,89.3050450091223,720
"721",1162.31587634282,1535.60184940619,1752.36132068005,230.32919811777,94.1708183579937,721
"722",1161.28651883103,1531.85075404581,1751.82831225201,234.222983666471,95.6140018554028,722
"723",1138.17843949676,1493.10952841541,1739.43053469128,246.551439717385,101.9304907359,723
"724",1141.11545622921,1497.14507335305,1740.54797642486,246.373921188319,101.621053062225,724
"725",1164.47469033621,1534.16369386571,1752.17469538087,236.725600346358,96.2535503699817,725
"726",1154.75799914682,1514.5010280027,1745.42571520797,241.764866356931,98.9526302299326,726
"727",1145.27406296723,1497.53237309637,1739.5325715753,246.538141367775,101.508428314022,727
"728",1145.7017683044,1494.16509505452,1738.41855515483,248.274903676467,102.193552046027,728
"729",1190.03914437077,1558.1047696547,1760.80940217997,233.434021386719,93.4531324486689,729
"730",1171.78035557544,1523.67102506057,1748.04709071985,242.125447142027,98.0641195091326,730
"731",1140.94020492725,1484.38068058448,1734.12949541633,252.529767560187,103.178020382128,731
"732",1123.46337149603,1481.32303697293,1733.41278817154,256.382313998178,103.657616995678,732
"733",1134.81366741664,1482.55897322112,1733.64550452137,254.189398668091,102.994392567912,733
"734",1139.41569462842,1487.39121196139,1735.5743752844,253.902466638017,102.568814443484,734
"735",1121.73972500851,1476.12570557564,1731.32437016373,257.773992563772,103.979448207673,735
"736",1151.54954892039,1489.33074417138,1735.46503777698,250.828143468399,101.882188856761,736
"737",1177.70250985377,1516.23680189367,1743.43393433134,240.598976298143,97.4456589535077,737
"738",1177.01770825345,1517.88135711313,1744.37860814293,241.397885150375,97.6049266830919,738
"739",1146.33261510467,1489.19204993159,1735.76700748831,252.727634703143,102.491660223298,739
"740",1117.43148670139,1480.4564389936,1732.9239473836,258.368598713358,103.999814030618,740
"741",1162.70137552784,1514.04253952321,1745.3728200769,248.487597567704,100.822260202517,741
"742",1175.77945444343,1536.86240883529,1752.97151730923,243.650077118547,98.2747121227543,742
"743",1180.46511406475,1544.63090179154,1756.76313044462,245.732006791378,98.8429312912932,743
"744",1181.9737823267,1550.05469581221,1761.53781949782,254.668525305529,101.247171522512,744
"745",1180.11815716827,1550.6387611016,1762.61810238729,278.20447118589,107.418164176798,745
"746",1199.1091098047,1568.24025604498,1766.77181126772,248.072054000757,98.4541474023485,746
"747",1179.53599650327,1541.81783375601,1757.20463315447,251.488040324115,101.000442259847,747
"748",1180.44334815673,1542.11870134165,1756.14377984815,247.402158166614,99.5866990106317,748
"749",1190.29519442942,1550.57248874257,1757.90995260797,241.258396257722,97.0235783034403,749
"750",1240.16418792627,1594.776328532,1772.60276069575,228.737099430315,88.7765588963425,750
"751",1265.04275390548,1602.10994274003,1773.65119164653,218.43076429288,83.9233493541917,751
"752",1185.38302634403,1544.53242072972,1757.2416881869,244.836492113386,95.7867548116952,752
"753",1062.72960475138,1463.49522727804,1728.86208702063,271.453308670335,105.230914672155,753
"754",1040.63278888696,1452.70839314997,1725.18349993118,256.48016096587,88.2491194116573,754
"755",957.407762755533,1436.51007503987,1697.00169908951,252.051248088837,85.7789175562835,755
"756",981.366212666077,1457.1900444956,1703.25739741786,248.321735611661,84.1925071907705,756
"757",1056.58783680684,1488.88664696979,1719.55548154036,240.500019853505,82.023267806007,757
"758",1093.07031047965,1510.36551222863,1727.75679831762,236.295467770522,80.4284408140829,758
"759",1127.75562440944,1525.74411947556,1732.74816490046,232.711959287745,79.4226388619265,759
"760",1134.89081489958,1523.3210276501,1732.11771765463,232.599343326993,79.6197561681669,760
"761",1253.50800311688,1598.48953871372,1760.02217113705,208.405273763402,69.6475721013726,761
"762",1317.75120770261,1632.98039886064,1770.03456394482,194.532774825162,63.9842771857646,762
"763",1235.94457169306,1582.93418647993,1757.32449256973,215.084883072249,72.7817988363452,763
"764",1201.78611328757,1560.48833213737,1749.96164352247,225.253977501994,77.0294649322839,764
"765",1140.87285506915,1536.94908522302,1737.449054675,231.625204347463,79.0872153271787,765
"766",1205.00364021066,1570.73269717618,1752.46258882954,223.277366651579,76.0417844415418,766
"767",1275.50102791172,1614.74418746054,1767.0971372415,203.523395154037,68.2298166423242,767
"768",1229.72178756016,1574.17451122435,1758.16600939208,215.028307550826,73.739366757585,768
"769",1234.85562606298,1585.1548145492,1759.89674815236,213.726574813888,72.9576273957232,769
"770",1251.202847672,1601.9614733324,1763.42836622786,210.291344145982,71.3102534643212,770
"771",1067.65674872682,1496.66583543022,1717.54596709648,240.048540772912,83.0046716748996,771
"772",1033.26488601968,1454.76799571573,1704.57697838628,248.082487132646,86.8726276040122,772
"773",1124.10164174703,1505.58696390585,1726.36148098905,237.050584725779,83.0153242080299,773
"774",1196.82312286105,1548.70033289612,1745.3178605116,225.221268896588,78.6199106166611,774
"775",1209.55781774649,1558.96472913715,1750.26844646662,221.015164959735,76.8647171948269,775
"776",1183.71165201028,1545.5205845456,1744.72648198691,226.067952705982,78.8560982401461,776
"777",1173.51953461664,1544.6592263959,1743.83248791461,226.693688931631,78.9829617546018,777
"778",1099.25162975043,1498.30990446339,1725.49926263345,237.01423118892,82.805992704242,778
"779",1081.59448026644,1478.23720978364,1720.48642868477,240.564453679323,84.4941849124405,779
"780",1095.24397154266,1482.91166583279,1723.92850545008,239.292163944794,84.1346762279117,780
"781",1151.94296338812,1516.77948007669,1737.93999630078,232.738002587604,81.7719305779909,781
"782",1204.04331941836,1542.09523908461,1759.59402749547,222.744449514161,77.840983825152,782
"783",1249.66708060066,1594.90040554662,1768.27687532311,206.551457407011,70.6749706560121,783
"784",1314.37383110393,1636.00524977131,1775.89708208237,190.332510794182,63.558451081107,784
"785",1265.80644751625,1606.68053465418,1768.28696447287,202.188339486725,68.6631448538253,785
"786",1245.13667006178,1583.87000983316,1762.77226353073,208.514413610284,71.7422913006651,786
"787",1239.84650640913,1580.14981710081,1760.88457718299,211.552232271834,72.9623186853601,787
"788",1232.20367853377,1574.95035638758,1759.25750647268,214.688104963514,74.1794658613629,788
"789",1232.47873269312,1581.97469645268,1758.96836595792,217.541524743079,75.0283561348072,789
"790",1223.93226699029,1571.43679394808,1755.08847309308,221.141775978634,76.7476504393702,790
"791",1272.54349223626,1605.67957831714,1765.79908298512,207.838623345789,70.9706837345998,791
"792",1318.8380749897,1632.50806554344,1772.42619491264,195.438791642629,65.6808788384584,792
"793",1314.51196751113,1627.93658435669,1770.91080074753,196.795703248139,66.2897331296379,793
"794",1309.69557695142,1625.02848656976,1769.44468692662,198.802795859183,67.0430784641156,794
"795",1310.31184722914,1623.78734081868,1768.54733900171,199.196327035511,67.2569895629409,795
"796",1258.85454042655,1591.77162632673,1759.07109302254,213.935657711751,73.472366993067,796
"797",1224.16299456366,1581.09512906497,1753.00526031698,221.482523794503,75.9562037374731,797
"798",1180.57842967583,1549.9817656917,1740.27353824169,229.784963257611,79.7741509881846,798
"799",1134.86252119952,1520.56674883788,1730.16056707076,236.420519671839,82.445209087838,799
"800",1122.28747086156,1509.16935801459,1727.45995221326,238.858292672745,83.6276985730628,800
"801",1186.28543180417,1553.57796783525,1748.50544117538,227.664925369747,79.0713022288387,801
"802",1173.64993077697,1554.06566382183,1747.86416966797,227.173640613491,78.4962103318025,802
"803",1260.88694173909,1622.24412565557,1767.86289916376,209.16489340946,69.8889536531019,803
"804",1373.56449295807,1674.36069373372,1783.27251834596,187.405082789342,61.2768155337715,804
"805",1535.99658084896,1743.22562157214,1797.32806585315,156.537593823809,48.7440813576756,805
"806",1457.20278083444,1706.85642236573,1790.0527330573,167.226335876627,53.2786885551382,806
"807",1244.66720169399,1594.50504297498,1764.5401522134,207.502518932249,70.8292748743497,807
"808",1151.43242952468,1550.35915218202,1742.26303756491,227.728653425696,78.3509825601326,808
"809",1207.34814186517,1568.43124049789,1755.45427375522,222.268843528566,76.7484882140053,809
"810",1270.31500465227,1606.72639461396,1767.97968284352,205.50259539832,69.7795071325849,810
"811",1230.65641864698,1578.71337453656,1759.13289393801,220.570015960878,76.1105245177177,811
"812",1168.80393816377,1544.81199141577,1741.35664870739,235.550171780684,82.0513311818812,812
"813",1169.971385095,1547.61853223691,1742.09651435988,237.915102921042,82.6869316145852,813
"814",1202.79473217928,1569.71204755928,1750.1698390288,237.500149169595,82.0936259827136,814
"815",1254.45307713259,1604.68494631753,1762.29363404794,225.542645869495,76.6926173075172,815
"816",1309.36797045661,1631.87423760533,1770.99328652577,210.953480332251,70.7495563879628,816
"817",1380.60182619384,1664.38049445809,1780.15323271918,193.375188459534,63.447629385849,817
"818",1365.30243827786,1655.19903554632,1777.91264483349,198.175727953506,65.5232704523973,818
"819",1343.99290332328,1645.73962977676,1775.93285431373,204.044157221106,67.9400379716973,819
"820",1483.52819510053,1706.79461816065,1789.87269510457,175.840896800473,55.8899879102614,820
"821",1621.62676156339,1764.91908138366,1800,96.7576730090433,25.9982632507289,821
"822",1595.7512379728,1756.93936257824,1800,102.722188586371,27.6799664677718,822
"823",1411.72116128468,1675.20257785361,1781.44903654855,195.088139237821,63.577341513513,823
"824",1237.07859777661,1595.91138232893,1753.019279326,229.75240625892,77.3375262899902,824
"825",1265.07513819994,1608.19817484595,1758.93164736794,225.731462056309,75.9563679338975,825
"826",1287.07568873381,1617.29469251768,1764.65789881429,222.48873798469,74.9947608073085,826
"827",1237.5351693077,1604.64000595207,1754.62024173339,226.627569864078,75.3830777733872,827
"828",1271.62492320606,1620.36546070053,1764.90470240792,224.166552905348,75.0236040174381,828
"829",1326.44398242836,1643.87821162565,1774.46869469592,212.436180463481,70.6599233450503,829
"830",1299.47427625125,1630.14859420791,1771.16521386828,217.36492678582,72.8244197273242,830
"831",1365.99114235598,1664.92925633949,1781.21043128999,202.368062286261,66.3210026727986,831
"832",1353.53814942165,1656.97696488659,1778.62831089482,203.973199730995,67.1346737003526,832
"833",1295.67892110587,1625.43012751705,1767.98002965961,218.793421716614,73.3627445059848,833
"834",1266.70895873883,1608.35497802992,1761.42452317927,224.695287715049,75.7555854393042,834
"835",1186.83620308505,1580.58720341809,1744.88755994653,196.027223817095,57.0093676611917,835
"836",1276.54698605089,1618.8523921031,1760.80632335441,186.185912593844,53.802291254726,836
"837",1381.48049918502,1654.49487932782,1765.05083507771,155.248256777264,43.6063713810186,837
"838",1294.70192388224,1616.43783682922,1750.84700298698,171.477820103051,48.9046127436697,838
"839",858.253027731325,1587.89665712363,1737.33710324396,184.22124889095,53.0862123482414,839
"840",862.078242254127,1572.58163752615,1724.89772210524,181.621194918525,52.1117084326047,840
"841",884.415084280457,1589.6859926859,1734.47028594353,182.692738746281,52.4440304846389,841
"842",1026.83211932354,1630.43810160842,1752.60790245629,173.910642949619,49.5085215087645,842
"843",1220.57642862198,1662.18985758722,1764.22831999299,159.294950088335,44.7646935261357,843
"844",1533.42893312375,1714.0679552112,1781.45585018595,130.121854282175,35.6240785764346,844
"845",1591.94200208068,1742.51011033062,1790.12040074654,112.031420330397,30.1197414844778,845
"846",1388.23543744523,1689.61622685149,1771.73561667438,143.376260331009,39.7655176201999,846
"847",611.507473859371,1486.37688536971,1688.19167473533,197.323239533833,57.674727731924,847
"848",753.81927800718,1560.1970923081,1724.60971832098,184.049437399253,53.2933720280894,848
"849",1179.57705407972,1568.53671230351,1732.36661171964,183.957936683059,53.2961441468532,849
"850",1116.78557629328,1534.90513980725,1720.03450206265,227.847081462376,77.1756850056143,850
"851",1193.73780515051,1585.98090894074,1754.28307923175,226.3727840227,76.5578522793326,851
"852",1314.38911868602,1653.48263470092,1774.25934751417,206.981792520268,67.242781666205,852
"853",1274.30730908568,1632.47593208422,1771.92042605518,214.329004447401,70.9783752476587,853
"854",1333.03356779863,1660.41879173782,1781.49587394757,200.616567547965,65.4290602978675,854
"855",1325.49684977986,1658.63210605081,1781.06339837952,201.050450724428,65.5978614627876,855
"856",1267.99182695459,1624.31873983111,1773.31388005412,211.172461295571,70.6126029149675,856
"857",1304.47120041581,1639.15716721971,1777.02052316531,201.417814945798,66.9184836185106,857
"858",1299.32538151952,1634.91423710425,1775.46222746472,201.753903163658,67.0862876659732,858
"859",1371.14909908214,1667.46545193091,1782.58557602524,186.73241545573,60.7321766655678,859
"860",1545.99235151958,1730.74478330209,1791.20450162868,110.741235128328,29.9739182298371,860
"861",1471.43159626911,1700.65665666838,1784.01827274587,120.38817327027,33.0113352257898,861
"862",1346.74664634779,1697.05949247283,1779.7291461451,127.389332970387,35.221852731808,862
"863",1323.44610528701,1693.25171596422,1778.08136593827,130.115273599033,36.0531474514049,863
"864",866.366580905398,1620.87340857266,1750.60763126018,163.501150642541,46.7542162179729,864
"865",712.072360100807,1563.78333343364,1723.93892548409,175.385268929993,50.6867457089065,865
"866",682.05962248114,1554.26062702089,1721.00861954659,182.497283639614,52.9555899983232,866
"867",741.385012709025,1582.36446386372,1735.00183724072,182.330507774347,52.7379680956903,867
"868",894.076288112652,1626.10861593047,1753.53114636932,174.827572278122,50.1607499840872,868
"869",952.139898481452,1636.10633952625,1757.48864811323,170.965892126732,48.7842358422496,869
"870",1221.11882583997,1677.90335238654,1772.21773243269,153.339773040847,43.0375070943414,870
"871",1415.41761828337,1701.05011550471,1779.24373170231,141.414647279601,39.1717869256053,871
"872",1537.49713569642,1718.38989082236,1783.54535496105,134.233816612417,36.906854582952,872
"873",1427.03897696722,1701.2217655518,1775.93513226695,142.453413044486,39.3551946505917,873
"874",832.875916901177,1562.2592746637,1715.51629563324,179.762143050206,51.3815909596558,874
"875",1173.15618188757,1659.65000320408,1759.25613072752,158.493483826615,44.3871080864719,875
"876",1072.96661174526,1625.14456486542,1742.45003886624,162.288394691998,45.5031875176794,876
"877",1117.91234585474,1648.81749085149,1755.50090024088,161.936064973611,45.4568557366974,877
"878",1109.03643865696,1649.27082670834,1756.50760706877,163.381904128876,45.9143255120399,878
"879",1006.62611830605,1618.28806278787,1741.81588619579,168.999575224276,47.7672304155178,879
"880",983.511551200536,1618.75547628222,1743.64304525072,171.283226655325,48.4263903525787,880
"881",1095.23728386848,1651.5596789986,1758.40149275619,166.439473714516,46.8887889653525,881
"882",1056.16851279056,1633.80679424782,1748.48944217973,167.932201349245,47.288183893307,882
"883",1145.82997998905,1648.62085343834,1753.23175957206,161.665976958298,45.2488167600801,883
"884",1093.84934743808,1648.39164674606,1755.84941204606,166.522775898466,46.8581334744119,884
"885",811.270782740516,1560.97806778709,1716.30513574694,182.338180518554,52.0515678082525,885
"886",1225.8794355209,1680.75334619434,1769.82045046563,132.852473600785,37.792675568574,886
"887",995.420489691577,1620.87372419269,1741.97355840078,164.657735228193,46.3541752641034,887
"888",1005.1477393398,1643.44842040762,1757.14800535696,160.874332613694,45.3520475287273,888
"889",882.135722574902,1633.32631306691,1758.60481264298,168.656427046525,47.9989851636182,889
"890",959.382501638295,1654.70570513147,1771.65326409743,157.499008393354,44.7385709901683,890
"891",1081.78293221924,1674.93155103198,1779.67162833036,130.115552831182,37.0219053962503,891
"892",1520.91827171321,1743.42177162554,1793.67458432173,100.706866659633,27.0314300515954,892
"893",1560.95125869427,1749.49429756997,1794.47323096805,142.957341606283,42.9188048614808,893
"894",851.519158137107,1650.56378395208,1775.93651173149,189.798688099708,61.9179019705099,894
"895",527.721684148505,1499.43572172039,1769.34314795765,215.886917476642,73.1660053621142,895
"896",840.332826757441,1517.11409754669,1753.52944953183,225.799212968837,77.1366829166406,896
"897",1061.8967587979,1544.37479834926,1766.98094896028,214.025542996534,73.5347611308907,897
"898",1151.91338422387,1569.00337198049,1770.98034948936,197.543384579933,67.3277955687808,898
"899",1259.57491914157,1633.71841883907,1784.94634617559,169.440501508008,56.0762441009955,899
"900",1345.73722487235,1677.15758043116,1797.00850362407,150.500826194318,47.9899026643104,900
"901",1396.06301944806,1701.71003379839,1799.46659871933,144.709836223827,45.573126985949,901
"902",1136.15222776999,1603.81554804368,1778.03569770575,179.467565118014,60.4320207395625,902
"903",978.45004042759,1504.93765673299,1749.89951763186,204.179231176148,71.4273730229966,903
"904",973.695325215504,1515.28593337612,1753.50296213797,202.15976767529,70.7183293308835,904
"905",969.409895723334,1538.64742741415,1762.04103562863,199.655236551275,68.943272645482,905
"906",900.494799355109,1517.30641956539,1755.18939773595,230.028323512716,90.6467708826803,906
"907",934.098459849421,1537.2858503338,1761.89533404712,226.593165607235,88.710945283669,907
"908",1048.82252280127,1584.40046958262,1773.10893699188,192.714060561785,65.3758682707879,908
"909",1127.40857023142,1611.33677638976,1779.67944233903,185.650993065743,62.3801273087951,909
"910",1230.99765952045,1638.94398161058,1785.60329308777,174.919516242002,57.8306154610786,910
"911",990.566244300831,1193.29534003293,1551.85765604362,379.629842211566,164.626030791192,911
"912",987.310645071489,1190.79636592969,1549.63949651144,386.47131888479,166.712572544909,912
"913",1008.27988688557,1213.74995755523,1563.52832464297,360.795797530884,158.285139844141,913
"914",1029.20939429979,1244.37758844811,1580.52121831135,338.529362468722,150.223102713964,914
"915",993.463708421573,1217.34201717248,1567.1786776507,395.380002700066,166.615404566802,915
"916",1017.06629165109,1231.71068245121,1572.88892852113,360.677845422398,157.223659102672,916
"917",1006.1427974361,1218.42848869031,1564.60643333768,376.941447263861,162.606982195942,917
"918",1009.4761721238,1226.57560815596,1568.9238411944,375.944604242271,161.585139542618,918
"919",1046.15926430584,1285.00445595235,1597.91798256093,334.674649099498,146.617453272696,919
"920",1063.86946894437,1307.66457675718,1610.55137339895,311.826434135453,138.60103982297,920
"921",1028.47569096572,1262.06172918418,1586.46603120947,359.530466361214,154.257248461428,921
"922",1011.78912873371,1237.73970720535,1573.41322895533,380.819180974138,161.682878240817,922
"923",1043.03461833584,1273.42965482033,1590.69213071254,337.57206596715,148.21584126537,923
"924",1036.11400833271,1256.90274581581,1582.17414146729,342.573537727506,150.753575240772,924
"925",1004.67157541246,1219.45375200306,1561.99986624198,384.492218557878,164.354669471813,925
"926",986.339913430341,1204.45476024901,1554.4803303564,406.38655833776,171.079376246827,926
"927",992.684246498578,1208.67210984424,1556.426191944,400.459694912661,169.469486170576,927
"928",1003.08592314896,1228.45958891046,1569.17559617647,395.129624362288,166.53404480337,928
"929",1015.96089706943,1246.6143089037,1578.44855782084,384.250310438165,162.678280353746,929
"930",1018.63886735517,1246.74002429981,1578.126887588,380.686031370262,161.914630482394,930
"931",987.827578907934,1205.70897296009,1554.69638088392,412.132052057857,173.187812263202,931
"932",988.129040355505,1213.5586756307,1561.04045136102,415.167261363657,173.107758805759,932
"933",1004.30664749338,1229.43824727906,1568.63031440619,399.286496935845,167.982106505078,933
"934",1014.88503692308,1235.72016659289,1571.32600370877,382.093800526233,163.275337688328,934
"935",1005.86035688515,1224.96805185338,1564.79267467434,394.683138590545,167.370681915715,935
"936",970.112302040803,1206.05431973068,1558.35285980977,437.800511951818,179.722398050123,936
"937",993.384594911079,1225.3224918929,1567.47626462179,412.942919570831,171.2765086318,937
"938",992.529779632621,1223.27019823375,1566.0648285217,412.00482414974,170.891032459984,938
"939",1033.79953549833,1278.50855214771,1593.82085914942,366.057345525381,155.056942132416,939
"940",992.116699583738,1218.47423815323,1563.29874296406,408.645878546568,170.269661066527,940
"941",977.494368860984,1214.00330109972,1562.84703951015,429.38742877994,175.963533462496,941
"942",978.153209834799,1206.65845302887,1557.46973230747,425.924206738444,175.93549226264,942
"943",997.14761267405,1218.66654452965,1563.65146528725,403.225948690127,169.440668068032,943
"944",1020.30720037202,1246.46484800062,1579.32438725578,373.455498256356,159.62792361142,944
"945",983.505412110158,1198.77642582326,1553.7886794489,411.322938490039,172.92707726942,945
"946",997.98356210929,1210.56657241126,1561.18493979419,391.426157333404,166.93384559304,946
"947",1002.17654030198,1230.95190871571,1575.91979439563,394.875935931808,166.006372584275,947
"948",978.075875913748,1243.76105675013,1586.97147116,435.108602326612,175.870585959639,948
"949",1017.28966102226,1272.38664132143,1597.7110678017,389.265787063421,162.116141836034,949
"950",1060.7657764992,1313.40568884433,1614.88834447832,320.987834241838,142.389518939612,950
"951",1123.58158957854,1456.11923176668,1674.35415687926,268.866138576319,117.312932550149,951
"952",1337.7184862072,1624.55129208433,1738.44730220579,217.7084748937,86.2927580558372,952
"953",1108.91543188389,1442.11292666662,1669.96800821874,284.180195180738,122.43292142021,953
"954",997.641888201698,1269.92602191804,1597.34577265221,429.738766788587,172.114112794619,954
"955",952.124194702488,1209.14442213067,1566.13412604228,465.843878575751,188.092530922047,955
"956",966.115309618463,1237.04276736792,1578.91124649249,465.626762134179,186.006389476468,956
"957",1076.14202968039,1365.84124519684,1639.53595293899,366.89466220516,150.32997625479,957
"958",1064.93998442245,1324.50001215707,1614.8410253274,363.517663478253,152.867741040915,958
"959",1041.26108822258,1310.47461948153,1604.88389121274,407.44910971938,165.072196025505,959
"960",1025.06808800998,1314.51648607219,1608.53508588355,440.017320730237,172.36400015494,960
"961",1028.02852275646,1310.72473915369,1605.87981095396,438.312317920436,171.945467225046,961
"962",999.920207715936,1308.34360767616,1612.30135192122,486.274988822458,184.166721360894,962
"963",990.670244179653,1307.24314722711,1614.53357221422,503.063726051874,188.885672514879,963
"964",1042.34104345696,1297.30495595274,1597.6727381735,424.437641889566,169.227174911935,964
"965",1057.80777851788,1286.77020447287,1589.48952895797,395.29356972221,163.157883330518,965
"966",1044.48099902936,1277.51180902855,1581.23860860809,416.833417598449,169.897635975146,966
"967",1055.3244152689,1282.21490804137,1586.00327238238,403.256365477087,165.913791530273,967
"968",1064.14423488576,1289.87994621933,1593.09646799743,393.573842712021,162.557907916899,968
"969",1038.51462472129,1275.03618873141,1579.10465848106,425.825753373708,172.825545851054,969
"970",1044.02104781513,1279.6205692274,1583.52268279627,420.600125447208,170.88271586926,970
"971",1067.3108253037,1294.05077364085,1596.67698610321,384.354740873595,159.890177461617,971
"972",1078.45546723879,1308.20698962076,1608.29400202137,360.473953751831,152.149273834497,972
"973",1088.8758449473,1327.56737536363,1622.61171699597,349.736474070086,147.566793558796,973
"974",1129.14697242147,1414.53800939449,1661.85685296019,307.150462536213,128.676429911758,974
"975",1126.31724874408,1409.93590494941,1660.2501747287,311.538701299276,130.898981472098,975
"976",1091.425400384,1339.15996974137,1629.88810043018,369.049357385258,152.56599535037,976
"977",1080.06014804142,1324.61772903115,1619.37029154994,392.650040992168,160.338545974014,977
"978",1063.09276417038,1325.78987505358,1619.85425009529,427.211946809711,169.161708928758,978
"979",1064.79690816079,1335.36141958721,1626.87269743168,434.425227191285,169.921326654209,979
"980",1010.60155925166,1316.51082376331,1614.11780108667,497.304249101785,188.55352838234,980
"981",1038.02819287454,1326.45320894032,1620.93292227412,468.845042010722,179.123343687636,981
"982",1086.94732367182,1380.38294580911,1656.75297919848,436.306745944836,165.831390303305,982
"983",1064.9185736353,1374.30419981288,1653.38466060838,468.757614188914,174.322626794039,983
"984",1096.53759255017,1364.87607893366,1647.65021127958,420.193281293205,162.997447403032,984
"985",1040.84585122226,1336.10920657401,1628.59846537927,482.126147428266,181.386605547483,985
"986",1044.53311054781,1343.72556962073,1634.20164667354,485.422853873979,181.398028193796,986
"987",1124.36708333421,1399.47606371567,1662.98167389375,391.746207353654,152.996653898305,987
"988",1100.16196097287,1360.5187059556,1646.11868825176,416.185399655581,162.68617200556,988
"989",1150.13920878291,1435.30632789672,1673.90241984905,344.816605960689,137.84462158387,989
"990",1247.66317189964,1557.08380272544,1715.90236240825,264.733869411007,105.010294994533,990
"991",1218.58609972391,1526.16954893596,1703.81108637957,267.525718382389,108.191376593739,991
"992",1244.11978896711,1554.22056928171,1714.40617392724,254.933901652231,101.352526970169,992
"993",1270.66013479624,1575.82548117073,1722.5518601522,245.825461009923,96.168537876472,993
"994",1164.48290138247,1461.78687439058,1682.37196023714,324.722067897798,130.40377342385,994
"995",1126.72805370995,1392.60768094135,1656.8287729718,366.735093853405,146.906800926503,995
"996",1213.99910072304,1518.60156201312,1700.67427452276,266.733766242237,108.199802664526,996
"997",1162.2160403826,1466.27325924527,1682.31639651487,298.975556986732,122.074640894269,997
"998",1215.95943685817,1520.58932827806,1701.38889639573,263.429115994344,106.201344818092,998
"999",1147.46457859614,1437.43164553865,1670.52808165469,302.252785911701,124.533912017791,999
"1000",1099.09022084102,1333.54793732406,1628.69539060541,379.545538021073,154.170085288824,1000
