"","PET.PT.STD.Wil150mm","PET.PT.cc050.Wil150mm","PET.PT.cc025.Wil150mm","PET.Dobr.cc100","PET.Dobr.cc025","ID"
"1",595.257438453155,297.628719226578,148.814359613289,764.07855220062,191.019638050155,1
"2",603.963017008596,301.981508504298,150.990754252149,771.970902224904,192.992725556226,2
"3",621.304769710303,310.652384855152,155.326192427576,786.792822159446,196.698205539862,3
"4",621.114537277,310.5572686385,155.27863431925,786.468317212643,196.617079303161,4
"5",600.138105029624,300.069052514812,150.034526257406,767.860877946574,191.965219486643,5
"6",615.362735604933,307.681367802466,153.840683901233,782.376155722217,195.594038930554,6
"7",587.808766600412,293.904383300206,146.952191650103,759.433651928634,189.858412982159,7
"8",542.077533017866,271.038766508933,135.519383254466,714.211918195504,178.552979548876,8
"9",528.37317346853,264.186586734265,132.093293367132,699.12957833627,174.782394584068,9
"10",592.873349768974,296.436674884487,148.218337442243,757.894835544571,189.473708886143,10
"11",569.791176083537,284.895588041768,142.447794020884,730.624696702946,182.656174175736,11
"12",609.460780034583,304.730390017291,152.365195008646,770.094632997054,192.523658249263,12
"13",610.354945762137,305.177472881069,152.588736440534,771.054002938117,192.763500734529,13
"14",606.710206087085,303.355103043543,151.677551521771,768.184367468679,192.04609186717,14
"15",521.373420735196,260.686710367598,130.343355183799,680.852536892818,170.213134223205,15
"16",503.1686125149,251.58430625745,125.792153128725,666.107773299185,166.526943324796,16
"17",530.432942178821,265.216471089411,132.608235544705,698.600061374743,174.650015343686,17
"18",528.966299092521,264.483149546261,132.24157477313,699.988555176653,174.997138794163,18
"19",551.834422032553,275.917211016277,137.958605508138,725.880126656102,181.470031664025,19
"20",575.539626899593,287.769813449796,143.884906724898,752.961999998255,188.240499999564,20
"21",563.441058896275,281.720529448137,140.860264724069,740.648900596037,185.162225149009,21
"22",569.818010659557,284.909005329779,142.454502664889,747.218991093539,186.804747773385,22
"23",545.738325795529,272.869162897765,136.434581448882,722.783165753342,180.695791438336,23
"24",534.064103703641,267.032051851821,133.51602592591,711.107813087886,177.776953271972,24
"25",555.329218762187,277.664609381093,138.832304690547,732.234813208672,183.058703302168,25
"26",553.397517313183,276.698758656591,138.349379328296,730.70924859189,182.677312147972,26
"27",590.410601171442,295.205300585721,147.602650292861,765.851411513923,191.462852878481,27
"28",545.599169127936,272.799584563968,136.399792281984,719.006261450891,179.751565362723,28
"29",582.417121329935,291.208560664968,145.604280332484,749.856435236686,187.464108809172,29
"30",582.270397247377,291.135198623689,145.567599311844,747.280003693241,186.82000092331,30
"31",535.385763742003,267.692881871002,133.846440935501,712.587297473898,178.146824368475,31
"32",541.488460418137,270.744230209068,135.372115104534,718.189580639238,179.54739515981,32
"33",575.840800786021,287.92040039301,143.960200196505,756.090477113801,189.02261927845,33
"34",625.480107488385,312.740053744192,156.370026872096,797.112490503283,199.278122625821,34
"35",590.594582139752,295.297291069876,147.648645534938,768.862515014947,192.215628753737,35
"36",604.148056869832,302.074028434916,151.037014217458,785.648760077994,196.412190019499,36
"37",534.063394474665,267.031697237333,133.515848618666,737.441102785951,184.360275696488,37
"38",673.751486185108,336.875743092554,168.437871546277,846.005740871746,211.501435217936,38
"39",613.605619151438,306.802809575719,153.40140478786,802.146361498547,200.536590374637,39
"40",368.816639664092,184.408319832046,92.2041599160229,584.26103109289,146.065257773222,40
"41",394.159640471543,197.079820235772,98.5399101178859,599.725078272127,149.931269568032,41
"42",445.353781491984,222.676890745992,111.338445372996,660.329006903868,165.082251725967,42
"43",329.730230322504,164.865115161252,82.432557580626,560.645470759623,140.161367689906,43
"44",322.523073579819,161.26153678991,80.6307683949548,526.345785853843,131.586446463461,44
"45",441.832129530807,220.916064765404,110.458032382702,631.600741759322,157.900185439831,45
"46",545.712134960688,272.856067480344,136.428033740172,741.094464153971,185.273616038493,46
"47",475.659084697041,237.82954234852,118.91477117426,687.132658691322,171.783164672831,47
"48",490.146748701983,245.073374350991,122.536687175496,687.180048443197,171.795012110799,48
"49",563.627390149306,281.813695074653,140.906847537327,749.91924192668,187.47981048167,49
"50",520.232432675658,260.116216337829,130.058108168914,708.089996407822,177.022499101956,50
"51",590.316327304306,295.158163652153,147.579081826077,757.120287773739,189.280071943435,51
"52",638.577817802695,319.288908901348,159.644454450674,788.708637144339,197.177159286085,52
"53",564.169645132705,282.084822566352,141.042411283176,716.985977536959,179.24649438424,53
"54",568.66018163895,284.330090819475,142.165045409738,721.516360895669,180.379090223917,54
"55",562.449139419368,281.224569709684,140.612284854842,714.941641643657,178.735410410914,55
"56",591.542022803568,295.771011401784,147.885505700892,745.829787962654,186.457446990664,56
"57",600.69248012754,300.34624006377,150.173120031885,757.863557773893,189.465889443473,57
"58",573.514406199708,286.757203099854,143.378601549927,731.659585536077,182.914896384019,58
"59",520.89699368417,260.448496842085,130.224248421043,679.163084552328,169.790771138082,59
"60",533.311321191955,266.655660595978,133.327830297989,692.685915636395,173.171478909099,60
"61",560.497210999229,280.248605499614,140.124302749807,723.785647154995,180.946411788749,61
"62",600.905309588866,300.452654794433,150.226327397217,767.311360333816,191.827840083454,62
"63",577.276448609627,288.638224304813,144.319112152407,753.3304322528,188.3326080632,63
"64",560.517384857381,280.258692428691,140.129346214345,737.649145151434,184.412286287858,64
"65",540.609357189418,270.304678594709,135.152339297355,720.412708979955,180.103177244989,65
"66",518.955570681685,259.477785340843,129.738892670421,706.105708452483,176.526427113121,66
"67",512.770694451661,256.38534722583,128.192673612915,704.904859764511,176.226214941128,67
"68",612.499610707996,306.249805353998,153.124902676999,790.793765653636,197.698441413409,68
"69",608.769878304373,304.384939152187,152.192469576093,785.669459668544,196.417364917136,69
"70",620.105611370703,310.052805685351,155.026402842676,790.91547283957,197.728868209892,70
"71",614.942929358411,307.471464679206,153.735732339603,784.804131386585,196.201032846646,71
"72",674.012292662336,337.006146331168,168.503073165584,828.319032228592,207.079758057148,72
"73",673.674133880487,336.837066940243,168.418533470122,828.389116850635,207.097279212659,73
"74",672.640373361339,336.320186680669,168.160093340335,827.239412146095,206.809853036524,74
"75",670.083959937709,335.041979968855,167.520989984427,825.111793654084,206.277948413521,75
"76",635.787607935004,317.893803967502,158.946901983751,800.332677191274,200.083169297819,76
"77",676.155061146499,338.077530573249,169.038765286625,832.057909610102,208.014477402526,77
"78",659.107094732605,329.553547366303,164.776773683151,820.452718437008,205.113179609252,78
"79",644.208804485369,322.104402242684,161.052201121342,810.802847742247,202.700711935562,79
"80",638.279348018443,319.139674009222,159.569837004611,809.616819490028,202.404204872507,80
"81",665.390326466377,332.695163233188,166.347581616594,830.840140725056,207.710035181264,81
"82",597.724322009572,298.862161004786,149.431080502393,781.310457374551,195.327614343638,82
"83",599.89750859006,299.94875429503,149.974377147515,784.09883520766,196.024708801915,83
"84",584.519154309171,292.259577154585,146.129788577293,774.051348772692,193.512837193173,84
"85",562.364338688058,281.182169344029,140.591084672014,757.170076972256,189.292519243064,85
"86",569.379853543199,284.689926771599,142.3449633858,761.640475107213,190.410118776803,86
"87",409.767457148824,204.883728574412,102.441864287206,613.772243638954,153.443060909739,87
"88",376.070019524229,188.035009762114,94.0175048810572,570.936680462233,142.734170115558,88
"89",289.468572180818,144.734286090409,72.3671430452044,472.901225372102,118.225306343026,89
"90",305.347554110758,152.673777055379,76.3368885276894,487.59886733732,121.89971683433,90
"91",243.439587507465,121.719793753732,60.8598968768662,413.244977573942,103.311244393485,91
"92",355.903908807575,177.951954403787,88.9759772018937,538.019970406727,134.504992601682,92
"93",377.715903141651,188.857951570826,94.4289757854128,549.897547089448,137.474386772362,93
"94",368.580476061184,184.290238030592,92.1451190152959,551.418154705053,137.854538676263,94
"95",308.379116062712,154.189558031356,77.094779015678,495.989737238497,123.997434309624,95
"96",257.351970484866,128.675985242433,64.3379926212166,442.500106603943,110.625026650986,96
"97",357.880008971388,178.940004485694,89.470002242847,563.771694728925,140.942923682231,97
"98",463.45253089277,231.726265446385,115.863132723192,668.513444741911,167.128361185478,98
"99",561.011928080241,280.505964040121,140.25298202006,751.220612479385,187.805153119846,99
"100",569.037261384527,284.518630692263,142.259315346132,751.966152467588,187.991538116897,100
"101",567.027688376074,283.513844188037,141.756922094019,740.183505203748,185.045876300937,101
"102",479.44054737133,239.720273685665,119.860136842833,642.879670273499,160.719917568375,102
"103",470.305972770577,235.152986385288,117.576493192644,633.699438248965,158.424859562241,103
"104",480.056967522777,240.028483761389,120.014241880694,638.308611781737,159.577152945434,104
"105",477.269021403851,238.634510701925,119.317255350963,634.763289178477,158.690822294619,105
"106",456.603533549965,228.301766774983,114.150883387491,617.693680155834,154.423420038958,106
"107",407.23517020751,203.617585103755,101.808792551877,558.849358631954,139.712339657988,107
"108",440.496037082195,220.248018541097,110.124009270549,591.483231800575,147.870807950144,108
"109",466.957207367305,233.478603683652,116.739301841826,620.89659821021,155.224149552552,109
"110",478.91193260928,239.45596630464,119.72798315232,633.848198832122,158.46204970803,110
"111",513.6275502246,256.8137751123,128.40688755615,672.618511864038,168.15462796601,111
"112",563.587150091216,281.793575045608,140.896787522804,724.180913894107,181.045228473527,112
"113",536.506598214082,268.253299107041,134.126649553521,700.037425378956,175.009356344739,113
"114",618.37300432672,309.18650216336,154.59325108168,780.155360959383,195.038840239846,114
"115",668.56960456116,334.28480228058,167.14240114029,818.259997964087,204.564999491022,115
"116",667.747139825039,333.87356991252,166.93678495626,817.153575174749,204.288393793687,116
"117",651.404334943747,325.702167471873,162.851083735937,804.684793224763,201.171198306191,117
"118",655.323043459024,327.661521729512,163.830760864756,806.901465984682,201.725366496171,118
"119",639.016318226548,319.508159113274,159.754079556637,794.856569092348,198.714142273087,119
"120",608.53951656252,304.26975828126,152.13487914063,770.081179163616,192.520294790904,120
"121",649.131944868179,324.565972434089,162.282986217045,802.246645829956,200.561661457489,121
"122",637.412082061564,318.706041030782,159.353020515391,793.697154449284,198.424288612321,122
"123",593.423656427719,296.711828213859,148.35591410693,759.646786402125,189.911696600531,123
"124",503.446138419941,251.72306920997,125.861534604985,672.925692987544,168.231423246886,124
"125",388.447686416676,194.223843208338,97.1119216041689,547.82865351516,136.95716337879,125
"126",364.028480288602,182.014240144301,91.0071200721506,518.75851094028,129.68962773507,126
"127",321.858517119911,160.929258559956,80.4646292799778,477.704955589364,119.426238897341,127
"128",325.519205674171,162.759602837085,81.3798014185427,485.769151728592,121.442287932148,128
"129",412.807269035377,206.403634517689,103.201817258844,557.582939880905,139.395734970226,129
"130",476.136212129362,238.068106064681,119.034053032341,626.092632307243,156.523158076811,130
"131",564.753198000382,282.376599000191,141.188299500095,710.401780687852,177.600445171963,131
"132",571.927881775164,285.963940887582,142.981970443791,713.459550097736,178.364887524434,132
"133",598.696573387117,299.348286693559,149.674143346779,735.052299564011,183.763074891003,133
"134",479.9433127378,239.9716563689,119.98582818445,604.930205593108,151.232551398277,134
"135",463.503897086722,231.751948543361,115.87597427168,589.100519556207,147.275129889052,135
"136",588.737342622254,294.368671311127,147.184335655564,723.145853706795,180.786463426699,136
"137",654.251986598921,327.12599329946,163.56299664973,778.160207916105,194.540051979026,137
"138",609.187232579766,304.593616289883,152.296808144942,745.328728343354,186.332182085839,138
"139",601.590093083369,300.795046541684,150.397523270842,737.59623365667,184.399058414167,139
"140",625.398422464318,312.699211232159,156.34960561608,754.097259680659,188.524314920165,140
"141",621.519914575334,310.759957287667,155.379978643834,749.693867501185,187.423466875296,141
"142",490.67733968892,245.33866984446,122.66933492223,615.951146285593,153.987786571398,142
"143",456.584056987871,228.292028493935,114.146014246968,566.186591315088,141.546647828772,143
"144",543.559442669739,271.779721334869,135.889860667435,653.877086988761,163.46927174719,144
"145",628.805995210128,314.402997605064,157.201498802532,751.537207438247,187.884301859562,145
"146",615.346847461446,307.673423730723,153.836711865361,744.814874589844,186.203718647461,146
"147",653.719964133709,326.859982066855,163.429991033427,777.450572471895,194.362643117974,147
"148",660.880156945504,330.440078472752,165.220039236376,784.961396818685,196.240349204671,148
"149",683.754174256833,341.877087128417,170.938543564208,802.655115442318,200.663778860579,149
"150",597.316777237307,298.658388618654,149.329194309327,740.13307935708,185.03326983927,150
"151",418.903810975384,209.451905487692,104.725952743846,553.048512594965,138.262128148741,151
"152",400.860255879603,200.430127939802,100.215063969901,529.112379300467,132.278094825117,152
"153",500.290005467031,250.145002733515,125.072501366758,604.197804764963,151.049451191241,153
"154",542.022364859808,271.011182429904,135.505591214952,631.344101257544,157.836025314386,154
"155",510.238391103203,255.119195551601,127.559597775801,575.023077338539,143.755769334635,155
"156",477.630135172422,238.815067586211,119.407533793106,550.198297682091,137.549574420523,156
"157",456.186010213519,228.09300510676,114.04650255338,531.69948825099,132.924872062748,157
"158",527.789933910302,263.894966955151,131.947483477576,579.742684817207,144.935671204302,158
"159",611.253747236059,305.626873618029,152.813436809015,670.729493764138,167.682373441034,159
"160",664.923756674816,332.461878337408,166.230939168704,727.729076981409,181.932269245352,160
"161",616.036706109457,308.018353054728,154.009176527364,671.983083260673,167.995770815168,161
"162",531.862489075475,265.931244537737,132.965622268869,580.699127652397,145.174781913099,162
"163",603.790529872857,301.895264936428,150.947632468214,664.867089324479,166.21677233112,163
"164",498.589477724769,249.294738862384,124.647369431192,558.357477009089,139.589369252272,164
"165",454.445262753669,227.222631376834,113.611315688417,526.893615495369,131.723403873842,165
"166",506.966768719368,253.483384359684,126.741692179842,563.389988367116,140.847497091779,166
"167",607.650298812994,303.825149406497,151.912574703249,666.113546016257,166.528386504064,167
"168",657.585455754593,328.792727877297,164.396363938648,693.39688986304,173.34922246576,168
"169",600.112089851828,300.056044925914,150.028022462957,621.936090644859,155.484022661215,169
"170",612.901174232661,306.450587116331,153.225293558165,669.432478965075,167.358119741269,170
"171",668.549857852098,334.274928926049,167.137464463025,700.698973089004,175.174743272251,171
"172",637.573822869561,318.78691143478,159.39345571739,688.098512169603,172.024628042401,172
"173",599.872728624189,299.936364312095,149.968182156047,666.953323929744,166.738330982436,173
"174",536.123160759245,268.061580379622,134.030790189811,586.624365290582,146.656091322645,174
"175",476.361008675128,238.180504337564,119.090252168782,547.257282155926,136.814320538982,175
"176",453.66352102004,226.83176051002,113.41588025501,528.930437885471,132.232609471368,176
"177",445.819329816062,222.909664908031,111.454832454015,522.553131364851,130.638282841213,177
"178",472.6422104678,236.3211052339,118.16055261695,541.784982169308,135.446245542327,178
"179",455.744450995205,227.872225497603,113.936112748801,527.071010980628,131.767752745157,179
"180",497.631389150581,248.815694575291,124.407847287645,555.143598316579,138.785899579145,180
"181",570.693282993149,285.346641496575,142.673320748287,601.11512984712,150.27878246178,181
"182",638.399009232828,319.199504616414,159.599752308207,682.519258045564,170.629814511391,182
"183",588.286205091207,294.143102545603,147.071551272802,654.299371599059,163.574842899765,183
"184",493.563875542493,246.781937771247,123.390968885623,558.758763590488,139.689690897622,184
"185",480.719520482595,240.359760241298,120.179880120649,551.265607986154,137.816401996539,185
"186",486.170654026196,243.085327013098,121.542663506549,554.985399746125,138.746349936531,186
"187",530.757714956279,265.378857478139,132.68942873907,584.400917430002,146.1002293575,187
"188",536.636547187667,268.318273593834,134.159136796917,587.737530965493,146.934382741373,188
"189",600.964878824565,300.482439412282,150.241219706141,663.893356213382,165.973339053346,189
"190",504.601992029406,252.300996014703,126.150498007352,565.817123125559,141.45428078139,190
"191",546.084426081638,273.042213040819,136.521106520409,592.295542853619,148.073885713405,191
"192",656.820147017582,328.410073508791,164.205036754396,694.2996865203,173.574921630075,192
"193",655.400823979771,327.700411989886,163.850205994943,691.550487247288,172.887621811822,193
"194",622.952871826417,311.476435913209,155.738217956604,672.885179877516,168.221294969379,194
"195",589.671062741396,294.835531370698,147.417765685349,614.356376420745,153.589094105186,195
"196",565.748846467395,282.874423233698,141.437211616849,603.066454296694,150.766613574174,196
"197",558.429789909068,279.214894954534,139.607447477267,599.05690957367,149.764227393417,197
"198",526.494837036504,263.247418518252,131.623709259126,577.867500816278,144.466875204069,198
"199",485.818097886418,242.909048943209,121.454524471604,550.376559665585,137.594139916396,199
"200",459.429567150625,229.714783575312,114.857391787656,478.601315675898,119.650328918974,200
"201",533.582110537737,266.791055268868,133.395527634434,579.671297409184,144.917824352296,201
"202",674.250104100272,337.125052050136,168.562526025068,646.579975693651,161.644993923413,202
"203",644.240469118947,322.120234559474,161.060117279737,634.953919008942,158.738479752235,203
"204",642.383656359841,321.19182817992,160.59591408996,635.372867053943,158.843216763486,204
"205",579.178761268744,289.589380634372,144.794690317186,606.766947508177,151.691736877044,205
"206",529.530138486461,264.765069243231,132.382534621615,522.600718741237,130.650179685309,206
"207",503.743734259874,251.871867129937,125.935933564969,504.955057651473,126.238764412868,207
"208",569.800963788504,284.900481894252,142.450240947126,537.252749165276,134.313187291319,208
"209",623.207059276771,311.603529638385,155.801764819193,558.128394922683,139.532098730671,209
"210",487.628072913459,243.814036456729,121.907018228365,486.907587800151,121.726896950038,210
"211",490.698966909577,245.349483454788,122.674741727394,486.42971387426,121.607428468565,211
"212",592.22055720386,296.11027860193,148.055139300965,538.334223278493,134.583555819623,212
"213",603.622026001261,301.811013000631,150.905506500315,543.949568242984,135.987392060746,213
"214",602.088293718338,301.044146859169,150.522073429584,542.486397581784,135.621599395446,214
"215",620.278575132047,310.139287566023,155.069643783012,551.488385526774,137.872096381693,215
"216",571.777646675461,285.888823337731,142.944411668865,529.051133105286,132.262783276321,216
"217",600.475398564604,300.237699282302,150.118849641151,543.671732113673,135.917933028418,217
"218",596.508325582241,298.254162791121,149.12708139556,543.773802596459,135.943450649115,218
"219",624.24661257104,312.12330628552,156.06165314276,555.873699571019,138.968424892755,219
"220",620.785890602433,310.392945301217,155.196472650608,556.020938296271,139.005234574068,220
"221",631.531393887535,315.765696943767,157.882848471884,560.961943821724,140.240485955431,221
"222",604.84218780887,302.421093904435,151.210546952218,549.403247558459,137.350811889615,222
"223",542.531353870803,271.265676935402,135.632838467701,528.2205478745,132.055136968625,223
"224",545.753618238115,272.876809119058,136.438404559529,530.964607820592,132.741151955148,224
"225",490.623138777438,245.311569388719,122.655784694359,499.407188791778,124.851797197944,225
"226",493.068997397632,246.534498698816,123.267249349408,502.032361769058,125.508090442264,226
"227",467.696930239848,233.848465119924,116.924232559962,484.798054333516,121.199513583379,227
"228",488.796905749931,244.398452874965,122.199226437483,500.845405544319,125.21135138608,228
"229",495.047312850588,247.523656425294,123.761828212647,509.922099128059,127.480524782015,229
"230",438.661163785705,219.330581892852,109.665290946426,477.68514091171,119.421285227928,230
"231",365.799391362337,182.899695681168,91.4498478405842,422.922544966729,105.730636241682,231
"232",344.286204233577,172.143102116788,86.0715510583942,403.379072994555,100.844768248639,232
"233",412.092995502663,206.046497751332,103.023248875666,445.029698289239,111.25742457231,233
"234",588.390700412246,294.195350206123,147.097675103061,541.41565700156,135.35391425039,234
"235",665.44636000976,332.72318000488,166.36159000244,565.101527140472,141.275381785118,235
"236",623.352645915543,311.676322957772,155.838161478886,544.871568131509,136.217892032877,236
"237",591.390896915042,295.695448457521,147.847724228761,539.997918457889,134.999479614472,237
"238",533.538653698196,266.769326849098,133.384663424549,518.446578506901,129.611644626725,238
"239",397.462535839603,198.731267919801,99.3656339599007,452.558126566616,113.139531641654,239
"240",493.842483242802,246.921241621401,123.460620810701,507.941697131518,126.985424282879,240
"241",538.14138425361,269.070692126805,134.535346063402,535.021504010723,133.755376002681,241
"242",415.625174285419,207.81258714271,103.906293571355,463.549003588495,115.887250897124,242
"243",370.270407059296,185.135203529648,92.567601764824,433.361155414588,108.340288853647,243
"244",456.704190021383,228.352095010692,114.176047505346,485.743407546639,121.43585188666,244
"245",451.376618364562,225.688309182281,112.844154591141,479.444089921684,119.861022480421,245
"246",439.539831946316,219.769915973158,109.884957986579,465.479872947191,116.369968236798,246
"247",431.373680118965,215.686840059483,107.843420029741,380.827769383583,95.2069423458957,247
"248",530.160097651745,265.080048825872,132.540024412936,428.209624831943,107.052406207986,248
"249",576.431371115902,288.215685557951,144.107842778975,448.13830738935,112.034576847337,249
"250",586.788428665702,293.394214332851,146.697107166426,451.484639695851,112.871159923963,250
"251",600.92745353293,300.463726766465,150.231863383233,440.934373111311,110.233593277828,251
"252",607.079285016334,303.539642508167,151.769821254084,442.213287606413,110.553321901603,252
"253",600.494616771107,300.247308385553,150.123654192777,439.818884729081,109.95472118227,253
"254",582.908986119366,291.454493059683,145.727246529842,434.079985003857,108.519996250964,254
"255",555.577697305575,277.788848652788,138.894424326394,425.46851948834,106.367129872085,255
"256",559.023165801566,279.511582900783,139.755791450391,427.08238698472,106.77059674618,256
"257",563.284553132988,281.642276566494,140.821138283247,429.480127489065,107.370031872266,257
"258",577.558851309234,288.779425654617,144.389712827308,433.225846297011,108.306461574253,258
"259",577.876947135417,288.938473567708,144.469236783854,433.902942769819,108.475735692455,259
"260",587.595417234758,293.797708617379,146.89885430869,429.792421432837,107.448105358209,260
"261",551.724013483286,275.862006741643,137.931003370821,420.442851418624,105.110712854656,261
"262",528.005275657539,264.00263782877,132.001318914385,418.717805607513,104.679451401878,262
"263",547.909890283882,273.954945141941,136.97747257097,427.666419484938,106.916604871234,263
"264",509.721133697761,254.86056684888,127.43028342444,410.941853336502,102.735463334125,264
"265",501.297471032305,250.648735516152,125.324367758076,406.169561972154,101.542390493039,265
"266",523.985873306051,261.992936653026,130.996468326513,417.554245715039,104.38856142876,266
"267",555.700897648312,277.850448824156,138.925224412078,425.997876173534,106.499469043383,267
"268",584.27666495502,292.13833247751,146.069166238755,435.208704053466,108.802176013367,268
"269",551.656860620183,275.828430310092,137.914215155046,426.053617972594,106.513404493148,269
"270",498.763628664325,249.381814332163,124.690907166081,405.22423927404,101.30605981851,270
"271",484.420062739701,242.21003136985,121.105015684925,398.432087295123,99.6080218237808,271
"272",572.563679278647,286.281839639324,143.140919819662,428.668717765365,107.167179441341,272
"273",601.972651036022,300.986325518011,150.493162759005,438.554772699881,109.63869317497,273
"274",599.140036291154,299.570018145577,149.785009072788,437.510890807045,109.377722701761,274
"275",508.907408752882,254.453704376441,127.22685218822,408.422628943965,102.105657235991,275
"276",570.841996132594,285.420998066297,142.710499033149,429.226438797404,107.306609699351,276
"277",532.861004977841,266.43050248892,133.21525124446,414.458042421793,103.614510605448,277
"278",518.231118501759,259.115559250879,129.55777962544,409.992607539679,102.49815188492,278
"279",555.894565790263,277.947282895131,138.973641447566,423.453785128409,105.863446282102,279
"280",608.819730660921,304.40986533046,152.20493266523,437.955074603263,109.488768650816,280
"281",538.454874000255,269.227437000128,134.613718500064,413.129843071704,103.282460767926,281
"282",529.749491752525,264.874745876263,132.437372938131,414.330762132004,103.582690533001,282
"283",542.239528048422,271.119764024211,135.559882012106,417.278781759518,104.319695439879,283
"284",618.765531396788,309.382765698394,154.691382849197,438.482651435859,109.620662858965,284
"285",510.153914729303,255.076957364652,127.538478682326,403.476983383331,100.869245845833,285
"286",458.088097769092,229.044048884546,114.522024442273,383.612997237069,95.9032493092673,286
"287",495.656853824724,247.828426912362,123.914213456181,399.670429069937,99.9176072674842,287
"288",577.312702890494,288.656351445247,144.328175722623,413.814116761961,103.45352919049,288
"289",610.305909106521,305.15295455326,152.57647727663,443.067795696459,110.766948924115,289
"290",614.028257016323,307.014128508161,153.507064254081,453.404223412849,113.351055853212,290
"291",618.457440904769,309.228720452384,154.614360226192,457.45307070397,114.363267675993,291
"292",553.173671007281,276.58683550364,138.29341775182,406.973859548063,101.743464887016,292
"293",590.397279145479,295.19863957274,147.59931978637,438.976829691249,109.744207422812,293
"294",511.004119547406,255.502059773703,127.751029886851,386.239566536208,96.559891634052,294
"295",447.716564813447,223.858282406723,111.929141203362,374.611305228986,93.6528263072466,295
"296",436.24266141767,218.121330708835,109.060665354417,364.946687382769,91.2366718456924,296
"297",490.035867842455,245.017933921228,122.508966960614,300.695260080039,75.1738150200097,297
"298",489.491057300786,244.745528650393,122.372764325196,300.887225251568,75.221806312892,298
"299",308.552498335256,154.276249167628,77.138124583814,217.654274704953,54.4135686762382,299
"300",294.168194388264,147.084097194132,73.5420485970661,206.868040185336,51.717010046334,300
"301",312.791063242399,156.3955316212,78.1977658105998,220.079919365275,55.0199798413188,301
"302",433.183633220029,216.591816610015,108.295908305007,270.501565609633,67.6253914024082,302
"303",474.132823401179,237.066411700589,118.533205850295,285.189005100715,71.2972512751788,303
"304",469.193022237453,234.596511118727,117.298255559363,285.412185226061,71.3530463065152,304
"305",385.836768436545,192.918384218272,96.4591921091362,244.096467310571,61.0241168276428,305
"306",398.724411436049,199.362205718025,99.6811028590123,253.491475802436,63.3728689506089,306
"307",419.429078260723,209.714539130362,104.857269565181,264.874898951462,66.2187247378655,307
"308",490.888628362984,245.444314181492,122.722157090746,297.422062213439,74.3555155533598,308
"309",545.910877980331,272.955438990165,136.477719495083,318.639919703902,79.6599799259755,309
"310",541.57000250614,270.78500125307,135.392500626535,318.755870660481,79.6889676651202,310
"311",585.803072036079,292.901536018039,146.45076800902,329.252237002446,82.3130592506114,311
"312",523.179569415693,261.589784707847,130.794892353923,314.70075089635,78.6751877240874,312
"313",467.024302283736,233.512151141868,116.756075570934,292.609899186901,73.1524747967252,313
"314",439.574233166099,219.78711658305,109.893558291525,282.009283640895,70.5023209102237,314
"315",494.631184173514,247.315592086757,123.657796043379,306.808794100148,76.7021985250371,315
"316",497.556815582271,248.778407791135,124.389203895568,307.774853612296,76.9437134030739,316
"317",499.677529346732,249.838764673366,124.919382336683,309.155320123414,77.2888300308536,317
"318",488.300404188951,244.150202094475,122.075101047238,304.722418660553,76.1806046651383,318
"319",521.023729209906,260.511864604953,130.255932302477,319.54177125159,79.8854428128976,319
"320",527.960913365169,263.980456682584,131.990228341292,322.307177226817,80.5767943067041,320
"321",502.596644783063,251.298322391531,125.649161195766,312.73608864877,78.1840221621924,321
"322",538.049268903009,269.024634451504,134.512317225752,326.952174547987,81.7380436369967,322
"323",596.189523556548,298.094761778274,149.047380889137,342.544979855808,85.636244963952,323
"324",615.723290947092,307.861645473546,153.930822736773,349.063572341805,87.2658930854512,324
"325",598.547124174286,299.273562087143,149.636781043571,347.514129568471,86.8785323921178,325
"326",520.798699737785,260.399349868893,130.199674934446,325.130865145574,81.2827162863935,326
"327",520.913126450396,260.456563225198,130.228281612599,329.246268816999,82.3115672042496,327
"328",499.871867207697,249.935933603848,124.967966801924,321.364324536818,80.3410811342046,328
"329",420.443011075092,210.221505537546,105.110752768773,283.887500877652,70.9718752194131,329
"330",393.254110521094,196.627055260547,98.3135276302736,270.156827844701,67.5392069611753,330
"331",453.132238077925,226.566119038963,113.283059519481,294.547590969093,73.6368977422732,331
"332",500.224317697038,250.112158848519,125.056079424259,313.55755999692,78.3893899992299,332
"333",535.117124348051,267.558562174026,133.779281087013,326.225546585246,81.5563866463115,333
"334",513.068785290214,256.534392645107,128.267196322553,317.944268809962,79.4860672024905,334
"335",548.467375826537,274.233687913269,137.116843956634,330.819535459852,82.7048838649629,335
"336",501.977736741458,250.988868370729,125.494434185364,314.34529886955,78.5863247173874,336
"337",452.509550217305,226.254775108652,113.127387554326,292.168734531443,73.0421836328608,337
"338",448.826713770756,224.413356885378,112.206678442689,287.904111147801,71.9760277869501,338
"339",436.289880741476,218.144940370738,109.072470185369,279.766915388729,69.9417288471823,339
"340",486.883898276281,243.44194913814,121.72097456907,299.395878332905,74.8489695832264,340
"341",533.588867203879,266.79443360194,133.39721680097,316.697863329064,79.174465832266,341
"342",534.211378222097,267.105689111049,133.552844555524,317.114916071823,79.2787290179558,342
"343",571.186148410577,285.593074205289,142.796537102644,330.526230329219,82.6315575823048,343
"344",575.817183697902,287.908591848951,143.954295924475,335.063377594739,83.7658443986848,344
"345",581.412713411765,290.706356705883,145.353178352941,338.193848297624,84.548462074406,345
"346",565.169897555464,282.584948777732,141.292474388866,336.236795945236,84.0591989863089,346
"347",574.900824783602,287.450412391801,143.725206195901,339.479776705636,84.8699441764089,347
"348",498.094572563239,249.04728628162,124.52364314081,312.555023220388,78.138755805097,348
"349",410.681017932235,205.340508966118,102.670254483059,282.454071577007,70.6135178942518,349
"350",291.730455287359,145.865227643679,72.9326138218397,224.475900556293,56.1189751390734,350
"351",130.869000854954,65.434500427477,32.7172502137385,134.219864465317,33.5549661163294,351
"352",186.638542341864,93.3192711709322,46.6596355854661,156.824361164201,39.2060902910502,352
"353",361.878328316637,180.939164158319,90.4695820791593,251.689236135505,62.9223090338762,353
"354",508.455722286375,254.227861143187,127.113930571594,316.703970674019,79.1759926685049,354
"355",530.21485479531,265.107427397655,132.553713698827,324.761171662195,81.1902929155488,355
"356",527.444797687448,263.722398843724,131.861199421862,323.304868976716,80.8262172441789,356
"357",517.594907528157,258.797453764078,129.398726882039,317.984299226736,79.4960748066839,357
"358",465.935398608126,232.967699304063,116.483849652032,297.128607111651,74.2821517779128,358
"359",505.73333245631,252.866666228155,126.433333114077,310.230984898917,77.5577462247292,359
"360",550.167066731685,275.083533365843,137.541766682921,321.242211268577,80.3105528171442,360
"361",612.691975926185,306.345987963092,153.172993981546,331.904132258784,82.9760330646959,361
"362",552.668078138717,276.334039069358,138.167019534679,317.791912942019,79.4479782355048,362
"363",450.895015784639,225.44750789232,112.72375394616,291.372146371873,72.8430365929683,363
"364",397.807848567986,198.903924283993,99.4519621419964,267.630098795455,66.9075246988638,364
"365",404.907902929517,202.453951464759,101.226975732379,268.689568189506,67.1723920473766,365
"366",357.873566677775,178.936783338887,89.4683916694436,244.057801263698,61.0144503159246,366
"367",261.896717551287,130.948358775644,65.4741793878218,121.243914813245,30.3109787033113,367
"368",271.531882082752,135.765941041376,67.8829705206881,117.580375717133,29.3950939292832,368
"369",393.788180868912,196.894090434456,98.447045217228,175.615930809568,43.903982702392,369
"370",595.645679626293,297.822839813146,148.911419906573,329.126656985009,82.2816642462523,370
"371",590.528244585894,295.264122292947,147.632061146474,329.189811459215,82.2974528648039,371
"372",539.231763477223,269.615881738612,134.807940869306,312.265092144931,78.0662730362327,372
"373",525.115249082114,262.557624541057,131.278812270529,311.566863909391,77.8917159773479,373
"374",480.563652989076,240.281826494538,120.140913247269,301.815785294638,75.4539463236596,374
"375",456.812914790819,228.40645739541,114.203228697705,292.832580458648,73.208145114662,375
"376",450.413766521342,225.206883260671,112.603441630335,290.20416806852,72.55104201713,376
"377",389.283282483984,194.641641241992,97.3208206209959,260.447575506203,65.1118938765507,377
"378",401.093334182331,200.546667091166,100.273333545583,261.03236880455,65.2580922011376,378
"379",548.40991268855,274.204956344275,137.102478172138,313.20327318174,78.3008182954351,379
"380",509.757386251592,254.878693125796,127.439346562898,300.429218020859,75.1073045052148,380
"381",540.447353907273,270.223676953637,135.111838476818,223.8711946869,55.967798671725,381
"382",526.90450136139,263.452250680695,131.726125340348,220.178404369833,55.0446010924582,382
"383",448.351297966349,224.175648983174,112.087824491587,191.559387150629,47.8898467876574,383
"384",463.058303367044,231.529151683522,115.764575841761,196.977895300617,49.2444738251541,384
"385",526.536999348934,263.268499674467,131.634249837234,216.48947399512,54.12236849878,385
"386",517.998713163617,258.999356581808,129.499678290904,217.088585219151,54.2721463047878,386
"387",493.607522638083,246.803761319041,123.401880659521,210.603731050521,52.6509327626302,387
"388",467.524744135404,233.762372067702,116.881186033851,200.711972843489,50.1779932108723,388
"389",389.830842969385,194.915421484693,97.4577107423463,167.699747960107,41.9249369900268,389
"390",270.733423133561,135.366711566781,67.6833557833904,110.856880311346,27.7142200778365,390
"391",174.808830017379,87.4044150086896,43.7022075043448,73.2933853631349,18.3233463407837,391
"392",262.248059004938,131.124029502469,65.5620147512345,108.507771453362,27.1269428633404,392
"393",487.188758394671,243.594379197336,121.797189598668,202.612226107192,50.6530565267979,393
"394",548.322587553102,274.161293776551,137.080646888276,220.61230404715,55.1530760117875,394
"395",591.661656396364,295.830828198182,147.915414099091,235.216867852691,58.8042169631727,395
"396",624.384200053203,312.192100026602,156.096050013301,324.376651541425,81.0941628853561,396
"397",461.753368949716,230.876684474858,115.438342237429,277.887045029062,69.4717612572655,397
"398",462.558727887796,231.279363943898,115.639681971949,287.427614411245,71.8569036028112,398
"399",416.259440095745,208.129720047872,104.064860023936,273.629216745183,68.4073041862957,399
"400",329.652318022609,164.826159011305,82.4130795056524,237.163987044348,59.290996761087,400
"401",432.556203586031,216.278101793016,108.139050896508,281.327302859557,70.3318257148892,401
"402",503.702483912058,251.851241956029,125.925620978014,308.385064959616,77.0962662399041,402
"403",472.41766035506,236.20883017753,118.104415088765,293.033434519372,73.258358629843,403
"404",491.026021948645,245.513010974322,122.756505487161,299.069712060477,74.7674280151193,404
"405",457.242074969534,228.621037484767,114.310518742383,282.726975681491,70.6817439203726,405
"406",346.947342825346,173.473671412673,86.7368357063365,229.860085055422,57.4650212638554,406
"407",426.460632820908,213.230316410454,106.615158205227,265.155487871195,66.2888719677989,407
"408",521.714146296468,260.857073148234,130.428536574117,211.640415260194,52.9101038150484,408
"409",532.556558562244,266.278279281122,133.139139640561,208.562814706228,52.1407036765571,409
"410",569.843756672108,284.921878336054,142.460939168027,219.100809802026,54.7752024505066,410
"411",600.79806172128,300.39903086064,150.19951543032,230.465334963317,57.6163337408294,411
"412",575.065728945664,287.532864472832,143.766432236416,229.111374562721,57.2778436406802,412
"413",524.829640331316,262.414820165658,131.207410082829,218.712565820374,54.6781414550935,413
"414",472.153190740491,236.076595370245,118.038297685123,202.241054824299,50.5602637060746,414
"415",446.775192547994,223.387596273997,111.693798136999,191.469815507116,47.8674538767791,415
"416",419.574026478644,209.787013239322,104.893506619661,179.717770604102,44.9294426510255,416
"417",376.17717760776,188.08858880388,94.0442944019401,160.938506905233,40.2346267263082,417
"418",317.229314489593,158.614657244796,79.3073286223982,122.093098650735,30.5232746626837,418
"419",234.96572909777,117.482864548885,58.7414322744424,89.5897142642216,22.3974285660554,419
"420",322.996099588963,161.498049794482,80.7490248972408,120.083499058091,30.0208747645228,420
"421",410.500034825682,205.250017412841,102.625008706421,168.788658626263,42.1971646565658,421
"422",430.71509377485,215.357546887425,107.678773443713,176.296181485691,44.0740453714226,422
"423",468.878946415423,234.439473207711,117.219736603856,188.500960075423,47.1252400188557,423
"424",479.369817382483,239.684908691242,119.842454345621,191.349357047521,47.8373392618804,424
"425",499.362804055737,249.681402027868,124.840701013934,196.612351409723,49.1530878524308,425
"426",487.7243991407,243.86219957035,121.931099785175,194.077834161771,48.5194585404429,426
"427",463.972271753147,231.986135876574,115.993067938287,183.68889936107,45.9222248402674,427
"428",318.066376056374,159.033188028187,79.5165940140935,117.204431416128,29.3011078540319,428
"429",174.604025971322,87.3020129856608,43.6510064928304,71.4817354158086,17.8704338539521,429
"430",397.223615413328,198.611807706664,99.3059038533321,141.943193167604,35.4857982919011,430
"431",444.209962609973,222.104981304987,111.052490652493,154.534327968497,38.6335819921243,431
"432",567.584506150068,283.792253075034,141.896126537517,215.094394497162,53.7735986242904,432
"433",498.143158559419,249.071579279709,124.535789639855,195.68689693651,48.9217242341274,433
"434",501.377359512662,250.688679756331,125.344339878165,199.534614231737,49.8836535579341,434
"435",485.170262047894,242.585131023947,121.292565511973,198.356245572339,49.5890613930847,435
"436",511.92347294498,255.96173647249,127.980868236245,295.760159773847,73.9400399434616,436
"437",445.467724122541,222.73386206127,111.366931030635,268.375820721777,67.0939551804442,437
"438",403.313531135794,201.656765567897,100.828382783948,251.042794674955,62.7606986687388,438
"439",416.607146614099,208.30357330705,104.151786653525,260.312209053277,65.0780522633193,439
"440",431.976911571878,215.988455785939,107.99422789297,270.269506385898,67.5673765964746,440
"441",573.065585643151,286.532792821576,143.266396410788,312.642527670097,78.1606319175244,441
"442",530.096088480447,265.048044240224,132.524022120112,309.109991774793,77.2774979436983,442
"443",532.94829090474,266.47414545237,133.237072726185,321.44062900189,80.3601572504725,443
"444",511.803753120414,255.901876560207,127.950938280103,319.054125710514,79.7635314276285,444
"445",451.445849224817,225.722924612409,112.861462306204,296.033827030705,74.0084567576762,445
"446",385.792509251057,192.896254625529,96.4481273127643,269.855118464705,67.4637796161762,446
"447",271.011523778805,135.505761889402,67.7528809447011,208.381646082465,52.0954115206163,447
"448",349.18713864904,174.59356932452,87.2967846622601,248.351845440431,62.0879613601077,448
"449",381.674008391535,190.837004195768,95.4185020978838,341.243011808266,85.3107529520664,449
"450",275.708133820022,137.854066910011,68.9270334550054,210.390720273402,52.5976800683506,450
"451",336.423628468878,168.211814234439,84.1059071172195,316.70865353192,79.1771633829799,451
"452",363.376420900679,181.688210450339,90.8441052251697,334.088940357108,83.522235089277,452
"453",329.004049451316,164.502024725658,82.2510123628289,314.933969061695,78.7334922654236,453
"454",362.104728766124,181.052364383062,90.5261821915311,257.053343414718,64.2633358536795,454
"455",330.131499781817,165.065749890908,82.5328749454542,236.939826667649,59.2349566669123,455
"456",591.404671282527,295.702335641264,147.851167820632,759.231586319151,189.807896579788,456
"457",588.459347279274,294.229673639637,147.114836819818,755.815304051451,188.953826012863,457
"458",617.409829518042,308.704914759021,154.35245737951,783.192756785295,195.798189196324,458
"459",598.47661597641,299.238307988205,149.619153994103,765.80222834883,191.450557087207,459
"460",554.710073130024,277.355036565012,138.677518282506,721.962998091398,180.49074952285,460
"461",601.199152703666,300.599576351833,150.299788175917,770.086336813134,192.521584203283,461
"462",574.483830694544,287.241915347272,143.620957673636,745.794263561653,186.448565890413,462
"463",560.1308736711,280.06543683555,140.032718417775,730.584885434649,182.646221358662,463
"464",598.585268031005,299.292634015502,149.646317007751,764.976099013143,191.244024753286,464
"465",566.225761408942,283.112880704471,141.556440352235,730.571335903464,182.642833975866,465
"466",571.209778413446,285.604889206723,142.802444603361,732.018418408499,183.004604602125,466
"467",617.225494346766,308.612747173383,154.306373586691,776.314758805372,194.078689701343,467
"468",594.70083786482,297.35041893241,148.675209466205,755.01479302321,188.753698255803,468
"469",583.677714517006,291.838857258503,145.919428629252,745.004002668884,186.251000667221,469
"470",627.641264581786,313.820632290893,156.910316145446,786.993599805927,196.748399951482,470
"471",613.174694970663,306.587347485331,153.293673742666,776.062249330463,194.015562332616,471
"472",560.884632962982,280.442316481491,140.221158240746,727.961714179822,181.990428544956,472
"473",553.163599688503,276.581799844251,138.290899922126,726.158137776999,181.53953444425,473
"474",589.439909270906,294.719954635453,147.359977317727,767.797827339367,191.949456834842,474
"475",580.807528520673,290.403764260336,145.201882130168,762.283489285689,190.570872321422,475
"476",576.485242692813,288.242621346406,144.121310673203,754.720753412784,188.680188353196,476
"477",595.800784897425,297.900392448712,148.950196224356,776.271949792423,194.067987448106,477
"478",609.796651151901,304.89832557595,152.449162787975,789.276941518222,197.319235379556,478
"479",610.10503589028,305.05251794514,152.52625897257,789.396972398355,197.349243099589,479
"480",597.921584956159,298.960792478079,149.48039623904,777.517082136849,194.379270534212,480
"481",557.036238130678,278.518119065339,139.25905953267,736.610946157921,184.15273653948,481
"482",600.76248477052,300.38124238526,150.19062119263,777.060231563636,194.265057890909,482
"483",638.598181078865,319.299090539433,159.649545269716,802.699737236646,200.674934309162,483
"484",642.924091431247,321.462045715624,160.731022857812,803.844570523548,200.961142630887,484
"485",614.621683925195,307.310841962597,153.655420981299,781.252360304559,195.31309007614,485
"486",594.793790102458,297.396895051229,148.698447525614,769.86205592134,192.465513980335,486
"487",596.039818713093,298.019909356547,149.009954678273,773.35230227885,193.338075569712,487
"488",592.075467357449,296.037733678725,148.018866839362,771.893991045353,192.973497761338,488
"489",574.72494819153,287.362474095765,143.681237047883,757.846723348203,189.461680837051,489
"490",619.06615952244,309.53307976122,154.76653988061,794.604846160875,198.651211540219,490
"491",611.553965290912,305.776982645456,152.888491322728,791.836503134524,197.959125783631,491
"492",573.232588461336,286.616294230668,143.308147115334,764.7384795616,191.1846198904,492
"493",505.674366500079,252.83718325004,126.41859162502,707.313792464005,176.828448116001,493
"494",600.630397708542,300.315198854271,150.157599427135,795.206262416571,198.801565604143,494
"495",609.142102079462,304.571051039731,152.285525519865,803.390367645989,200.847591911497,495
"496",523.151636216292,261.575818108146,130.787909054073,723.390212202562,180.847553050641,496
"497",428.091577478242,214.045788739121,107.022894369561,629.217303972828,157.304325993207,497
"498",360.755693585152,180.377846792576,90.1889233962879,574.972826368398,143.7432065921,498
"499",458.958122745013,229.479061372507,114.739530686253,668.914929551294,167.228732387823,499
"500",621.568296034513,310.784148017256,155.392074008628,808.211158737839,202.05278968446,500
"501",585.064766962078,292.532383481039,146.266191740519,780.55499380158,195.138748450395,501
"502",493.029456051251,246.514728025626,123.257364012813,705.497320287605,176.374330071901,502
"503",618.107848698004,309.053924349002,154.526962174501,800.901818156447,200.225454539112,503
"504",567.889945726784,283.944972863392,141.972486431696,756.106116067567,189.026529016892,504
"505",494.536868973264,247.268434486632,123.634217243316,684.110937663803,171.027734415951,505
"506",589.999586279626,294.999793139813,147.499896569906,760.676017687847,190.169004421962,506
"507",652.334644478308,326.167322239154,163.083661119577,802.26949658866,200.567374147165,507
"508",602.400661673968,301.200330836984,150.600165418492,759.743626482373,189.935906620593,508
"509",587.658670138203,293.829335069101,146.914667534551,743.775822838984,185.943955709746,509
"510",593.278294186688,296.639147093344,148.319573546672,749.683344838196,187.420836209549,510
"511",604.512430487191,302.256215243596,151.128107621798,761.950723723031,190.487680930758,511
"512",619.33814821075,309.669074105375,154.834537052688,776.343079469643,194.085769867411,512
"513",601.744847164246,300.872423582123,150.436211791062,764.469485720092,191.117371430023,513
"514",634.920209669857,317.460104834929,158.730052417464,791.055284525975,197.763821131494,514
"515",605.05073461594,302.52536730797,151.262683653985,766.547054332454,191.636763583114,515
"516",593.435707102742,296.717853551371,148.358926775686,758.329635997356,189.582408999339,516
"517",507.161174119788,253.580587059894,126.790293529947,675.227882942953,168.806970735738,517
"518",398.698897450327,199.349448725163,99.6747243625817,567.423909204565,141.855977301141,518
"519",447.967661271676,223.983830635838,111.991915317919,630.166406179679,157.54160154492,519
"520",589.46607720316,294.73303860158,147.36651930079,770.187777403453,192.546944350863,520
"521",562.85588345669,281.427941728345,140.713970864172,750.224877708309,187.556219427077,521
"522",544.96674431053,272.483372155265,136.241686077633,735.505001196062,183.876250299016,522
"523",474.29285282623,237.146426413115,118.573213206558,677.211409977546,169.302852494387,523
"524",549.251027963417,274.625513981709,137.312756990854,745.427222972617,186.356805743154,524
"525",598.953945442886,299.476972721443,149.738486360721,778.664119358482,194.666029839621,525
"526",638.30741628282,319.15370814141,159.576854070705,806.011454135516,201.502863533879,526
"527",597.063820107551,298.531910053776,149.265955026888,776.369816760148,194.092454190037,527
"528",590.581742892438,295.290871446219,147.64543572311,771.504513841848,192.876128460462,528
"529",617.934175799927,308.967087899963,154.483543949982,792.241580712364,198.060395178091,529
"530",660.984809602755,330.492404801378,165.246202400689,823.800775431295,205.950193857824,530
"531",608.820487285567,304.410243642784,152.205121821392,784.94953012199,196.237382530497,531
"532",579.901913541841,289.950956770921,144.97547838546,766.046889058259,191.511722264565,532
"533",624.310114719103,312.155057359551,156.077528679776,799.623048378788,199.905762094697,533
"534",661.261759270868,330.630879635434,165.315439817717,828.104854159158,207.02621353979,534
"535",572.294335953259,286.14716797663,143.073583988315,764.808836204754,191.202209051188,535
"536",465.638378267469,232.819189133734,116.409594566867,680.505892036662,170.126473009166,536
"537",470.491941617124,235.245970808562,117.622985404281,681.496545660336,170.374136415084,537
"538",516.718072456084,258.359036228042,129.179518114021,713.988009990627,178.497002497657,538
"539",375.115634057901,187.55781702895,93.7789085144752,576.224070336962,144.056017584241,539
"540",267.691194353191,133.845597176595,66.9227985882977,449.674395477994,112.418598869499,540
"541",280.936270214292,140.468135107146,70.234067553573,469.416190905567,117.354047726392,541
"542",275.290732056582,137.645366028291,68.8226830141455,459.964836848457,114.991209212114,542
"543",323.910350907272,161.955175453636,80.9775877268181,508.91069490515,127.227673726288,543
"544",365.688462391635,182.844231195818,91.4221155979088,550.410688848429,137.602672212107,544
"545",327.204647402381,163.60232370119,81.8011618505952,504.548083055889,126.137020763972,545
"546",335.66809395476,167.83404697738,83.91702348869,502.892636071177,125.723159017794,546
"547",337.48281638819,168.741408194095,84.3707040970475,501.829665576612,125.457416394153,547
"548",524.951840090803,262.475920045401,131.237960022701,692.274511348434,173.068627837109,548
"549",284.53007352236,142.26503676118,71.13251838059,457.943376792269,114.485844198067,549
"550",270.471732732603,135.235866366302,67.6179331831509,442.417100189481,110.60427504737,550
"551",377.649620543718,188.824810271859,94.4124051359295,571.102808532915,142.775702133229,551
"552",277.005128897643,138.502564448821,69.2512822244107,475.554840598494,118.888710149623,552
"553",353.544759680342,176.772379840171,88.3861899200854,551.390458418476,137.847614604619,553
"554",380.044230294656,190.022115147328,95.011057573664,577.090962626153,144.272740656538,554
"555",601.946560981817,300.973280490909,150.486640245454,778.317145058162,194.579286264541,555
"556",616.806950275552,308.403475137776,154.201737568888,785.517847413257,196.379461853314,556
"557",615.796292739606,307.898146369803,153.949073184901,781.605479065826,195.401369766457,557
"558",533.709897492966,266.854948746483,133.427474373241,697.273849604785,174.318462401196,558
"559",536.7538353892,268.3769176946,134.1884588473,699.025726009508,174.756431502377,559
"560",478.607988702543,239.303994351271,119.651997175636,636.444258716139,159.111064679035,560
"561",494.388297194995,247.194148597497,123.597074298749,657.436559699772,164.359139924943,561
"562",524.873915442381,262.436957721191,131.218478860595,689.178330043201,172.2945825108,562
"563",460.132716764528,230.066358382264,115.033179191132,621.397130690717,155.349282672679,563
"564",438.228901030343,219.114450515171,109.557225257586,588.615814026599,147.15395350665,564
"565",479.089303898866,239.544651949433,119.772325974716,635.021215287853,158.755303821963,565
"566",500.339945280418,250.169972640209,125.084986320105,655.284022154747,163.821005538687,566
"567",498.743733949203,249.371866974602,124.685933487301,656.433050832853,164.108262708213,567
"568",548.265823035966,274.132911517983,137.066455758991,710.581340366187,177.645335091547,568
"569",595.521334793612,297.760667396806,148.880333698403,760.312008367376,190.078002091844,569
"570",623.272622075135,311.636311037567,155.818155518784,784.319596196418,196.079899049105,570
"571",642.514393914757,321.257196957379,160.628598478689,799.250159610581,199.812539902645,571
"572",615.625854089886,307.812927044943,153.906463522472,778.101012274084,194.525253068521,572
"573",646.752829142029,323.376414571015,161.688207285507,801.838153365096,200.459538341274,573
"574",658.415997157115,329.207998578557,164.603999289279,810.787140838367,202.696785209592,574
"575",629.312319455009,314.656159727505,157.328079863752,789.172957317257,197.293239329314,575
"576",595.401782310106,297.700891155053,148.850445577526,763.179991639753,190.794997909938,576
"577",522.992333536617,261.496166768309,130.748083384154,696.619167147879,174.15479178697,577
"578",422.111677209644,211.055838604822,105.527919302411,585.164168115915,146.291042028979,578
"579",416.079540987135,208.039770493567,104.019885246784,576.895703957053,144.223925989263,579
"580",469.853461925644,234.926730962822,117.463365481411,641.281837419677,160.320459354919,580
"581",441.276081275142,220.638040637571,110.319020318786,595.455794386909,148.863948596727,581
"582",386.014583606406,193.007291803203,96.5036459016016,537.421805576076,134.355451394019,582
"583",454.210192189687,227.105096094843,113.552548047422,610.414902671118,152.603725667779,583
"584",474.218687671058,237.109343835529,118.554671917765,618.9762256931,154.744056423275,584
"585",479.772697013088,239.886348506544,119.943174253272,620.95855210936,155.23963802734,585
"586",537.977142845826,268.988571422913,134.494285711457,678.079264351447,169.519816087862,586
"587",539.854620582466,269.927310291233,134.963655145617,677.876368156893,169.469092039223,587
"588",548.120975766506,274.060487883253,137.030243941627,679.657126843291,169.914281710823,588
"589",562.926964060608,281.463482030304,140.731741015152,691.134758253206,172.783689563301,589
"590",608.832319752884,304.416159876442,152.208079938221,737.050132175284,184.262533043821,590
"591",571.050017976212,285.525008988106,142.762504494053,704.920156102295,176.230039025574,591
"592",567.51743704781,283.758718523905,141.879359261952,705.632725926261,176.408181481565,592
"593",588.431694750148,294.215847375074,147.107923687537,727.375042296386,181.843760574097,593
"594",607.165729071471,303.582864535735,151.791432267868,743.092577121057,185.773144280264,594
"595",670.269839927788,335.134919963894,167.567459981947,789.429954903342,197.357488725835,595
"596",573.752976523365,286.876488261682,143.438244130841,715.201690370495,178.800422592624,596
"597",471.953083675056,235.976541837528,117.988270918764,600.239679492522,150.059919873131,597
"598",492.695686101772,246.347843050886,123.173921525443,611.518584272702,152.879646068175,598
"599",525.40469397655,262.702346988275,131.351173494137,638.257217364224,159.564304341056,599
"600",569.96539452292,284.98269726146,142.49134863073,700.723940240712,175.180985060178,600
"601",570.119395465412,285.059697732706,142.529848866353,709.546652784743,177.386663196186,601
"602",581.692677206123,290.846338603062,145.423169301531,723.240611497812,180.810152874453,602
"603",635.031146574501,317.51557328725,158.757786643625,769.335915392787,192.333978848197,603
"604",625.893180982991,312.946590491495,156.473295245748,762.728870043589,190.682217510897,604
"605",545.018657993406,272.509328996703,136.254664498352,696.907344664827,174.226836166207,605
"606",463.900749392127,231.950374696064,115.975187348032,585.738396518156,146.434599129539,606
"607",558.551834418653,279.275917209327,139.637958604663,674.863690829132,168.715922707283,607
"608",587.178535778706,293.589267889353,146.794633944676,691.30871681426,172.827179203565,608
"609",596.012321221565,298.006160610782,149.003080305391,693.228051164575,173.307012791144,609
"610",520.554480322141,260.27724016107,130.138620080535,609.991845477947,152.497961369487,610
"611",512.871966096742,256.435983048371,128.217991524185,570.889850483257,142.722462620814,611
"612",600.431052205579,300.21552610279,150.107763051395,664.529259022628,166.132314755657,612
"613",669.788165605529,334.894082802765,167.447041401382,730.621782469887,182.655445617472,613
"614",629.838999499422,314.919499749711,157.459749874856,681.713056530486,170.428264132621,614
"615",570.060317437118,285.030158718559,142.515079359279,642.500488952796,160.625122238199,615
"616",492.089485167425,246.044742583712,123.022371291856,554.728803412172,138.682200853043,616
"617",483.239372530017,241.619686265009,120.809843132504,548.661125983709,137.165281495927,617
"618",470.024410151813,235.012205075907,117.506102537953,539.209130436976,134.802282609244,618
"619",528.125289834997,264.062644917499,132.031322458749,577.420983767243,144.355245941811,619
"620",545.297031530264,272.648515765132,136.324257882566,588.24456820041,147.061142050102,620
"621",617.417485754317,308.708742877159,154.354371438579,672.296591035305,168.074147758826,621
"622",659.523473206594,329.761736603297,164.880868301648,695.325116397339,173.831279099335,622
"623",597.375181546499,298.687590773249,149.343795386625,659.18285805247,164.795714513118,623
"624",611.568136156612,305.784068078306,152.892034039153,669.021145879825,167.255286469956,624
"625",652.739446871276,326.369723435638,163.184861717819,693.868366201349,173.467091550337,625
"626",603.769628266658,301.884814133329,150.942407066665,629.307347659945,157.326836914986,626
"627",538.914293715711,269.457146857855,134.728573428928,589.218775103035,147.304693775759,627
"628",475.757618866917,237.878809433458,118.939404716729,548.113621088854,137.028405272214,628
"629",512.627051754045,256.313525877022,128.156762938511,572.225165604994,143.056291401248,629
"630",492.086765993483,246.043382996741,123.021691498371,557.976120738249,139.494030184562,630
"631",455.776031300945,227.888015650473,113.944007825236,530.155451700817,132.538862925204,631
"632",462.844492956942,231.422246478471,115.711123239235,534.111671482317,133.527917870579,632
"633",481.312506073531,240.656253036765,120.328126518383,546.003413476836,136.500853369209,633
"634",592.620620439854,296.310310219927,148.155155109964,616.405623492073,154.101405873018,634
"635",612.135575696155,306.067787848078,153.033893924039,664.827107782951,166.206776945738,635
"636",651.829614706815,325.914807353407,162.957403676704,686.536010069079,171.63400251727,636
"637",629.642915176839,314.82145758842,157.41072879421,676.236638227373,169.059159556843,637
"638",629.798398803676,314.899199401838,157.449599700919,678.198318153101,169.549579538275,638
"639",653.715394733241,326.857697366621,163.42884868331,695.759603665488,173.939900916372,639
"640",586.619330812884,293.309665406442,146.654832703221,658.674856210207,164.668714052552,640
"641",565.50986231784,282.75493115892,141.37746557946,605.726738480447,151.431684620112,641
"642",591.442581739205,295.721290869602,147.860645434801,661.041930189549,165.260482547387,642
"643",545.693640874939,272.84682043747,136.423410218735,594.111228136982,148.527807034245,643
"644",529.887889990914,264.943944995457,132.471972497729,583.716761821993,145.929190455498,644
"645",497.44931247175,248.724656235875,124.362328117938,561.194232692327,140.298558173082,645
"646",488.029972509459,244.014986254729,122.007493127365,555.294147923058,138.823536980765,646
"647",466.025808618975,233.012904309487,116.506452154744,540.079661552682,135.019915388171,647
"648",437.181704259409,218.590852129704,109.295426064852,518.681057474445,129.670264368611,648
"649",477.662912851262,238.831456425631,119.415728212816,546.741822157592,136.685455539398,649
"650",580.797501346047,290.398750673023,145.199375336512,610.009111443174,152.502277860793,650
"651",571.352916426062,285.676458213031,142.838229106515,605.487437247551,151.371859311888,651
"652",548.7189256594,274.3594628297,137.17973141485,592.338438157272,148.084609539318,652
"653",552.611851181088,276.305925590544,138.152962795272,593.767382612455,148.441845653114,653
"654",531.452827307906,265.726413653953,132.863206826976,578.429402260537,144.607350565134,654
"655",528.470214114319,264.235107057159,132.11755352858,575.947277974797,143.986819493699,655
"656",577.658054182454,288.829027091227,144.414513545614,606.388446408768,151.597111602192,656
"657",541.155913946065,270.577956973032,135.288978486516,583.498699476472,145.874674869118,657
"658",628.605908466475,314.302954233238,157.151477116619,627.497900626345,156.874475156586,658
"659",616.877331655304,308.438665827652,154.219332913826,625.794002567195,156.448500641799,659
"660",584.313105892379,292.156552946189,146.078276473095,552.969234018319,138.24230850458,660
"661",499.611056292123,249.805528146061,124.902764073031,505.555061985371,126.388765496343,661
"662",582.807968348883,291.403984174441,145.701992087221,545.710002214445,136.427500553611,662
"663",627.903700762329,313.951850381164,156.975925190582,559.73407304067,139.933518260167,663
"664",581.939758533469,290.969879266734,145.484939633367,539.596447776349,134.899111944087,664
"665",599.119226627664,299.559613313832,149.779806656916,544.968561292164,136.242140323041,665
"666",636.387095974972,318.193547987486,159.096773993743,558.583747810294,139.645936952573,666
"667",585.523003313902,292.761501656951,146.380750828475,535.032316489495,133.758079122374,667
"668",606.515230082116,303.257615041058,151.628807520529,544.240709622894,136.060177405723,668
"669",592.166465762063,296.083232881032,148.041616440516,538.433081858887,134.608270464722,669
"670",562.119527073963,281.059763536981,140.529881768491,525.366944249106,131.341736062277,670
"671",551.002199662291,275.501099831146,137.750549915573,520.872667069135,130.218166767284,671
"672",544.038694239839,272.01934711992,136.00967355996,519.121875361056,129.780468840264,672
"673",581.330385232092,290.665192616046,145.332596308023,539.642980924322,134.910745231081,673
"674",621.337894113139,310.668947056569,155.334473528285,556.456739035682,139.114184758921,674
"675",620.107490927988,310.053745463994,155.026872731997,558.629040789525,139.657260197381,675
"676",592.563589436049,296.281794718024,148.140897359012,547.324290245513,136.831072561378,676
"677",565.643307311123,282.821653655561,141.410826827781,536.509207859833,134.127301964958,677
"678",534.819362666606,267.409681333303,133.704840666652,525.215265582264,131.303816395566,678
"679",485.903652993592,242.951826496796,121.475913248398,497.644279986381,124.411069996595,679
"680",486.567667644217,243.283833822109,121.641916911054,499.155586791067,124.788896697767,680
"681",525.252642511689,262.626321255845,131.313160627922,520.060064546548,130.015016136637,681
"682",497.380152215317,248.690076107659,124.345038053829,496.626229917027,124.156557479257,682
"683",476.907748099775,238.453874049888,119.226937024944,495.33946663407,123.834866658518,683
"684",465.528027048711,232.764013524356,116.382006762178,493.513133959391,123.378283489848,684
"685",386.458778447747,193.229389223873,96.6146946119366,444.485550928769,111.121387732192,685
"686",371.43359708887,185.716798544435,92.8583992722175,425.995890456567,106.498972614142,686
"687",375.514003508141,187.757001754071,93.8785008770353,422.749165419959,105.68729135499,687
"688",516.022973521247,258.011486760623,129.005743380312,509.165010988639,127.29125274716,688
"689",655.25401930917,327.627009654585,163.813504827292,570.800498221632,142.700124555408,689
"690",632.575106453669,316.287553226834,158.143776613417,557.328147149264,139.332036787316,690
"691",617.001540591735,308.500770295868,154.250385147934,558.107622667555,139.526905666889,691
"692",552.621803397472,276.310901698736,138.155450849368,530.530921920609,132.632730480152,692
"693",429.845882649532,214.922941324766,107.461470662383,475.257990121573,118.814497530393,693
"694",478.355792296295,239.177896148147,119.588948074074,506.041692279284,126.510423069821,694
"695",621.894441449451,310.947220724725,155.473610362363,570.191177903958,142.547794475989,695
"696",649.52077048611,324.760385243055,162.380192621527,583.857868750779,145.964467187695,696
"697",438.149159697122,219.074579848561,109.53728992428,472.039952453408,118.009988113352,697
"698",339.1905838438,169.5952919219,84.7976459609501,408.918041626665,102.229510406666,698
"699",458.035264037473,229.017632018736,114.508816009368,485.387214008991,121.346803502248,699
"700",437.246046465655,218.623023232828,109.311511616414,469.888800685602,117.4722001714,700
"701",401.568177154914,200.784088577457,100.392044288729,442.058939208017,110.514734802004,701
"702",451.164894790164,225.582447395082,112.791223697541,389.568897651683,97.3922244129206,702
"703",602.03372535137,301.016862675685,150.508431337842,540.742289494005,135.185572373501,703
"704",563.383235782979,281.69161789149,140.845808945745,440.095398475582,110.023849618895,704
"705",590.710694220375,295.355347110187,147.677673555094,452.157758825489,113.039439706372,705
"706",570.489245169902,285.244622584951,142.622311292475,430.903943619234,107.725985904809,706
"707",608.796660746326,304.398330373163,152.199165186581,457.669798717544,114.417449679386,707
"708",610.474006484348,305.237003242174,152.618501621087,458.470728963912,114.617682240978,708
"709",575.867564175876,287.933782087938,143.966891043969,432.962999091445,108.240749772861,709
"710",555.333602813215,277.666801406607,138.833400703304,426.242924775843,106.560731193961,710
"711",556.117302199883,278.058651099941,139.029325549971,425.680517465939,106.420129366485,711
"712",604.916421189434,302.458210594717,151.229105297359,455.918934232087,113.979733558022,712
"713",598.212025221945,299.106012610973,149.553006305486,438.174166697572,109.543541674393,713
"714",565.221398951497,282.610699475749,141.305349737874,429.442566300915,107.360641575229,714
"715",486.745773217959,243.372886608979,121.68644330449,395.823996786425,98.9559991966062,715
"716",502.062851511308,251.031425755654,125.515712877827,406.140700160147,101.535175040037,716
"717",516.059775483509,258.029887741754,129.014943870877,415.516553441556,103.879138360389,717
"718",443.574131149382,221.787065574691,110.893532787345,381.523935475335,95.3809838688337,718
"719",394.077830545359,197.038915272679,98.5194576363397,351.014044813033,87.7535112032582,719
"720",425.082895420354,212.541447710177,106.270723855088,368.961040459345,92.2402601148362,720
"721",465.779933407796,232.889966703898,116.444983351949,390.787687750383,97.6969219375958,721
"722",480.951354189079,240.47567709454,120.23783854727,396.707245011413,99.1768112528532,722
"723",542.47197471209,271.235987356045,135.617993678022,424.425070627289,106.106267656822,723
"724",540.325036099839,270.162518049919,135.08125902496,423.09211985826,105.773029964565,724
"725",488.393993537304,244.196996768652,122.098498384326,399.555814614022,99.8889536535055,725
"726",513.803016216321,256.90150810816,128.45075405408,411.686381838393,102.921595459598,726
"727",537.668673172146,268.834336586073,134.417168293036,423.148448310164,105.787112077541,727
"728",547.298960523916,273.649480261958,136.824740130979,426.127574197778,106.531893549445,728
"729",462.914586316446,231.457293158223,115.728646579112,387.120392705591,96.7800981763979,729
"730",507.338873075555,253.669436537778,126.834718268889,407.555150286424,101.888787571606,730
"731",567.298289706389,283.649144853194,141.824572426597,429.767976061308,107.441994015327,731
"732",589.048076624347,294.524038312174,147.262019156087,430.475872939267,107.618968234817,732
"733",580.542880547211,290.271440273606,145.135720136803,428.051200869943,107.012800217486,733
"734",577.298617592747,288.649308796374,144.324654398187,425.922389479648,106.480597369912,734
"735",597.430377625988,298.715188812994,149.357594406497,431.700950268662,107.925237567166,735
"736",560.923376412725,280.461688206363,140.230844103181,424.017413300809,106.004353325202,736
"737",507.877052386426,253.938526193213,126.969263096607,405.553600772749,101.388400193187,737
"738",510.186866363251,255.093433181626,127.546716590813,406.078994484469,101.519748621117,738
"739",567.060207979996,283.530103989998,141.765051994999,426.440926746498,106.610231686625,739
"740",596.601537365636,298.300768682818,149.150384341409,431.690197553451,107.922549388363,740
"741",540.228961621196,270.114480810598,135.057240405299,419.613396695762,104.903349173941,741
"742",504.809694673446,252.404847336723,126.202423668362,408.42936786788,102.10734196697,742
"743",512.905220730572,256.452610365286,128.226305182643,410.040772199777,102.510193049944,743
"744",550.378698517624,275.189349258812,137.594674629406,418.751033945654,104.687758486414,744
"745",568.478098355732,284.239049177866,142.119524588933,443.174418226313,110.793604556578,745
"746",511.346311954924,255.673155977462,127.836577988731,407.006152797812,101.751538199453,746
"747",536.84126784981,268.420633924905,134.210316962452,418.821724639811,104.705431159953,747
"748",518.576609228607,259.288304614304,129.644152307152,413.36477855902,103.341194639755,748
"749",492.041495128237,246.020747564118,123.010373782059,402.615553946179,100.653888486545,749
"750",425.264731368564,212.632365684282,106.316182842141,365.403581473063,91.3508953682656,750
"751",388.463219936828,194.231609968414,97.1158049842069,345.083047019624,86.2707617549059,751
"752",516.141517640322,258.070758820161,129.03537941008,395.054886203496,98.763721550874,752
"753",669.773442174789,334.886721087394,167.443360543697,432.451942746102,108.112985686525,753
"754",700.290475645657,350.145237822829,175.072618911414,362.886906263854,90.7217265659634,754
"755",677.552898027704,338.776449013852,169.388224506926,351.941849858372,87.9854624645929,755
"756",661.19478928927,330.597394644635,165.298697322318,345.22430198242,86.3060754956049,756
"757",624.542536124891,312.271268062446,156.135634031223,337.299541686808,84.3248854217021,757
"758",604.237475997107,302.118737998553,151.059368999277,330.848055234516,82.7120138086289,758
"759",590.26845938811,295.134229694055,147.567114847027,327.138158123875,81.7845395309686,759
"760",592.804314758301,296.40215737915,148.201078689575,328.084235660131,82.0210589150327,760
"761",475.443271394584,237.721635697292,118.860817848646,286.033255350651,71.5083138376627,761
"762",413.241271237312,206.620635618656,103.310317809328,262.176836553106,65.5442091382766,762
"763",493.407765619295,246.703882809647,123.351941404824,299.549917727356,74.8874794318391,763
"764",535.853167777542,267.926583888771,133.963291944385,317.398083961187,79.3495209902969,764
"765",570.572303512814,285.286151756407,142.643075878204,325.192235041369,81.2980587603422,765
"766",519.812494250613,259.906247125307,129.953123562653,312.653652286223,78.1634130715558,766
"767",434.617399306319,217.308699653159,108.65434982658,280.023476703116,70.0058691757791,767
"768",490.167660809385,245.083830404692,122.541915202346,303.872493807356,75.9681234518391,768
"769",479.515455367154,239.757727683577,119.878863841789,300.041780789372,75.0104451973431,769
"770",458.122026674615,229.061013337307,114.530506668654,292.602691519888,73.1506728799721,770
"771",613.894337456188,306.947168728094,153.473584364047,341.071864835171,85.2679662087927,771
"772",657.621334082098,328.810667041049,164.405333520524,357.819222873772,89.454805718443,772
"773",596.768669714785,298.384334857393,149.192167428696,342.440132156216,85.6100330390541,773
"774",532.182707722657,266.091353861328,133.045676930664,324.558612885613,81.1396532214032,774
"775",512.290150481093,256.145075240546,128.072537620273,317.160807480096,79.2902018700239,775
"776",535.624455703288,267.812227851644,133.906113925822,325.309267950456,81.3273169876139,776
"777",536.385375209811,268.192687604905,134.096343802453,325.618851260878,81.4047128152195,777
"778",590.038260059769,295.019130029884,147.509565014942,341.326785151594,85.3316962878985,778
"779",606.487415289432,303.243707644716,151.621853822358,348.640716862555,87.1601792156386,779
"780",595.422716839996,297.711358419998,148.855679209999,347.416190284998,86.8540475712494,780
"781",553.579451862945,276.789725931473,138.394862965736,338.000544328925,84.5001360822313,781
"782",500.957285741425,250.478642870713,125.239321435356,321.717786187845,80.4294465469613,782
"783",431.39346419457,215.696732097285,107.848366048642,291.126932263086,72.7817330657714,783
"784",371.35697089767,185.678485448835,92.8392427244175,260.570380741257,65.1425951853142,784
"785",422.386134846475,211.193067423238,105.596533711619,282.180073432749,70.5450183581872,785
"786",457.403260194402,228.701630097201,114.3508150486,295.652415140787,73.9131037851967,786
"787",470.656868890446,235.328434445223,117.664217222612,300.705262152347,75.1763155380867,787
"788",483.17308306706,241.58654153353,120.793270766765,305.626641593472,76.406660398368,788
"789",488.56300787556,244.28150393778,122.14075196889,308.532680455496,77.133170113874,789
"790",503.991081236748,251.995540618374,125.997770309187,316.047767253101,79.0119418132753,790
"791",447.788473442431,223.894236721215,111.947118360608,291.478001774125,72.8695004435314,791
"792",402.434851111151,201.217425555575,100.608712777788,269.153690382649,67.2884225956623,792
"793",414.002670310872,207.001335155436,103.500667577718,271.734309423399,67.9335773558498,793
"794",426.383683560296,213.191841780148,106.595920890074,274.756911179677,68.6892277949192,794
"795",432.484094358921,216.242047179461,108.12102358973,275.676834294302,68.9192085735756,795
"796",492.736249345035,246.368124672517,123.184062336259,301.834956348203,75.4587390870507,796
"797",519.003481640517,259.501740820259,129.750870410129,311.476226526434,77.8690566316084,797
"798",558.640343643957,279.320171821979,139.660085910989,327.935127700649,81.9837819251623,798
"799",589.280103385544,294.640051692772,147.320025846386,339.225922339935,84.8064805849838,799
"800",595.955923710695,297.977961855347,148.988980927674,344.388684497513,86.0971711243783,800
"801",530.893010938911,265.446505469455,132.723252734728,325.465909858825,81.3664774647062,801
"802",525.079616546216,262.539808273108,131.269904136554,322.801971265291,80.7004928163228,802
"803",423.679352304027,211.839676152013,105.919838076007,285.557244096301,71.3893110240751,803
"804",332.415799233943,166.207899616971,83.1039498084856,249.64511066891,62.4112776672276,804
"805",235.456072329747,117.728036164874,58.8640180824368,197.27162824269,49.3179070606724,805
"806",283.229479241787,141.614739620894,70.8073698104468,216.279834813884,54.0699587034711,806
"807",450.909055328374,225.454527664187,112.727263832094,290.728402448769,72.6821006121922,807
"808",541.333121659672,270.666560829836,135.333280414918,321.23278497258,80.3081962431449,808
"809",506.319375458534,253.159687729267,126.579843864633,315.346692543295,78.8366731358237,809
"810",436.237700931176,218.118850465588,109.059425232794,286.168118543159,71.5420296357897,810
"811",497.261075823964,248.630537911982,124.315268955991,312.592635622767,78.1481589056917,811
"812",567.079370022139,283.53968501107,141.769842505535,337.036198807785,84.2590497019463,812
"813",571.777439515012,285.888719757506,142.944359878753,339.130064889468,84.782516222367,813
"814",558.224850840732,279.112425420366,139.556212710183,336.065539207881,84.0163848019703,814
"815",501.28363679784,250.64181839892,125.32090919946,313.085717418453,78.2714293546134,815
"816",446.743431164557,223.371715582278,111.685857791139,288.4531791407,72.1132947851751,816
"817",383.299654041614,191.649827020807,95.8249135104034,257.975674924552,64.4939187311381,817
"818",401.894040634666,200.947020317333,100.473510158667,266.660075642608,66.6650189106521,818
"819",422.53425049654,211.26712524827,105.633562624135,276.634164097216,69.1585410243041,819
"820",329.360833785922,164.680416892961,82.3402084464804,226.029904292534,56.5074760731335,820
"821",221.945829779123,110.972914889562,55.4864574447808,104.333665998366,26.0834164995915,821
"822",247.09258527713,123.546292638565,61.7731463192826,111.15941399074,27.789853497685,822
"823",397.19230078669,198.596150393345,99.2980751966726,257.607821395388,64.4019553488471,823
"824",546.395290960948,273.197645480474,136.598822740237,314.20343188428,78.55085797107,824
"825",526.777188930249,263.388594465124,131.694297232562,308.692315127442,77.1730787818606,825
"826",504.716901843361,252.358450921681,126.17922546084,305.059821225727,76.2649553064318,826
"827",521.81211704461,260.906058522305,130.453029261153,305.663606150161,76.4159015375402,827
"828",494.711006455017,247.355503227508,123.677751613754,304.530480399327,76.1326200998319,828
"829",443.182249883528,221.591124941764,110.795562470882,286.91913553669,71.7297838841725,829
"830",463.801092194625,231.900546097313,115.950273048656,296.015228983517,74.0038072458793,830
"831",401.504757884742,200.752378942371,100.376189471186,268.7736572418,67.1934143104499,831
"832",417.11320566873,208.556602834365,104.278301417183,272.213567743286,68.0533919358216,832
"833",484.975568226029,242.487784113014,121.243892056507,298.006213303206,74.5015533258015,833
"834",522.032896106425,261.016448053212,130.508224026606,307.881516773559,76.9703791933899,834
"835",562.407418838801,281.2037094194,140.6018547097,230.012590054681,57.5031475136702,835
"836",512.892487631025,256.446243815512,128.223121907756,216.99402564851,54.2485064121275,836
"837",402.835549001622,201.417774500811,100.708887250406,175.636221558519,43.9090553896297,837
"838",465.152306060634,232.576153030317,116.288076515159,197.197960602713,49.2994901506783,838
"839",516.813079294406,258.406539647203,129.203269823602,214.112537404696,53.5281343511741,839
"840",504.610935689039,252.30546784452,126.15273392226,210.069398073217,52.5173495183043,840
"841",501.644752220385,250.822376110193,125.411188055096,211.470458163755,52.8676145409387,841
"842",465.011891589559,232.505945794779,116.25297289739,199.546252920147,49.8865632300368,842
"843",415.144240264978,207.572120132489,103.786060066244,180.257072530669,45.0642681326673,843
"844",329.390982339932,164.695491169966,82.3477455849829,143.161993383938,35.7904983459845,844
"845",281.233252100439,140.61662605022,70.3083130251099,120.856089482864,30.214022370716,845
"846",362.107900305587,181.053950152793,90.5269750763967,159.738085513226,39.9345213783066,846
"847",587.018755394449,293.509377697225,146.754688848612,232.538155711235,58.1345389278087,847
"848",522.159359158531,261.079679579265,130.539839789633,214.709249554653,53.6773123886632,848
"849",516.537920286066,258.268960143033,129.134480071516,214.72108960908,53.6802724022701,849
"850",556.756460790631,278.378230395315,139.189115197658,313.399618400769,78.3499046001922,850
"851",540.953704293657,270.476852146829,135.238426073414,310.80862354341,77.7021558858526,851
"852",435.892707850722,217.946353925361,108.973176962681,271.218416941523,67.8046042353809,852
"853",455.917001903263,227.958500951631,113.979250475816,287.156003038061,71.7890007595153,853
"854",394.192411801108,197.096205900554,98.5481029502769,264.408766256648,66.102191564162,854
"855",394.958514873738,197.479257436869,98.7396287184345,265.131402604359,66.2828506510899,855
"856",444.087589294668,222.043794647334,111.021897323667,286.400483799038,71.6001209497595,856
"857",417.099902968439,208.549951484219,104.27497574211,271.359763131582,67.8399407828956,857
"858",426.023276371277,213.011638185638,106.505819092819,272.097546644975,68.0243866612438,858
"859",375.403919581152,187.701959790576,93.8509798952879,245.586750206043,61.3966875515108,859
"860",269.100930653363,134.550465326682,67.2752326633408,120.129234295813,30.0323085739534,860
"861",315.895832439775,157.947916219887,78.9739581099437,132.437641788936,33.109410447234,861
"862",343.838498219534,171.919249109767,85.9596245548836,141.383110115778,35.3457775289445,862
"863",352.432209265261,176.216104632631,88.1080523163153,144.684134608058,36.1710336520145,863
"864",452.401864378491,226.200932189245,113.100466094623,187.826310102779,46.9565775256948,864
"865",501.589802792808,250.794901396404,125.397450698202,203.664854778045,50.9162136945113,865
"866",518.84561894794,259.42280947397,129.711404736985,212.849656789003,53.2124141972508,866
"867",506.519229378249,253.259614689125,126.629807344562,211.952042943878,52.9880107359695,867
"868",470.021201783934,235.010600891967,117.505300445984,201.521750086922,50.3804375217304,868
"869",458.508948086007,229.254474043003,114.627237021502,195.881334613859,48.9703336534647,869
"870",398.690683252164,199.345341626082,99.6726708130411,172.619643320567,43.1549108301419,870
"871",363.709919443117,181.854959721559,90.9274798607793,156.964542532376,39.241135633094,871
"872",340.946071261778,170.473035630889,85.2365178154445,147.77126881265,36.9428172031624,872
"873",376.359732330227,188.179866165114,94.0899330825569,157.554305412784,39.3885763531961,873
"874",534.051966582017,267.025983291008,133.512991645504,205.94847253061,51.4871181326525,874
"875",439.273937229604,219.636968614802,109.818484307401,177.74769618299,44.4369240457475,875
"876",450.610481746035,225.305240873017,112.652620436509,182.176475940039,45.5441189850098,876
"877",439.094075291254,219.547037645627,109.773518822814,182.006756038561,45.5016890096403,877
"878",444.11851384994,222.05925692497,111.029628462485,183.836818471091,45.9592046177726,878
"879",471.907393252718,235.953696626359,117.97684831318,191.26180815936,47.8154520398399,879
"880",486.697247589089,243.348623794544,121.674311897272,193.914155252314,48.4785388130784,880
"881",463.053468385551,231.526734192775,115.763367096388,187.723663143204,46.9309157858011,881
"882",471.166270738912,235.583135369456,117.791567684728,189.275133809443,47.3187834523606,882
"883",452.168957791353,226.084478895677,113.042239447838,181.054804539107,45.2637011347768,883
"884",471.769420483753,235.884710241876,117.942355120938,187.520943781068,46.8802359452671,884
"885",545.136882420408,272.568441210204,136.284220605102,208.365688433374,52.0914221083435,885
"886",431.656581601387,215.828290800693,107.914145400347,151.199080874989,37.7997702187471,886
"887",464.926677461121,232.46333873056,116.23166936528,185.4495669693,46.3623917423249,887
"888",450.162531850148,225.081265925074,112.540632962537,181.44906342523,45.3622658563075,888
"889",472.065044631829,236.032522315915,118.016261157957,192.105965736497,48.0264914341242,889
"890",438.972917366509,219.486458683254,109.743229341627,179.058494784593,44.7646236961483,890
"891",392.018351766069,196.009175883035,98.0045879415174,148.153006230449,37.0382515576123,891
"892",276.695969490132,138.347984745066,69.1739923725331,108.125720206382,27.0314300515954,892
"893",252.023999298186,126.011999649093,63.0059998245464,171.675219445923,42.9188048614808,893
"894",389.559925844136,194.779962922068,97.3899814610341,248.20118033938,62.0502950848451,894
"895",494.802769313431,247.401384656715,123.700692328358,294.325195463586,73.5812988658965,895
"896",539.451753313218,269.725876656609,134.862938328304,310.671295272442,77.6678238181105,896
"897",474.798798393845,237.399399196922,118.699699598461,296.593226409577,74.1483066023943,897
"898",413.648754198658,206.824377099329,103.412188549665,271.675962066663,67.9189905166657,898
"899",325.765918695389,162.882959347694,81.4414796738471,225.728480036329,56.4321200090822,899
"900",258.623447432988,129.311723716494,64.655861858247,192.674202162276,48.1685505405691,900
"901",233.225906731749,116.612953365875,58.3064766829373,182.797279418804,45.6993198547009,901
"902",346.857690153446,173.428845076723,86.7144225383615,243.905432298063,60.9763580745158,902
"903",439.088672107384,219.544336053692,109.772168026846,289.842324991136,72.460581247784,903
"904",428.776791356037,214.388395678018,107.194197839009,286.815615827273,71.7039039568183,904
"905",411.280412345515,205.640206172757,102.820103086379,279.115133731704,69.7787834329259,905
"906",444.226560362075,222.113280181038,111.056640090519,369.266040585525,92.3165101463812,906
"907",423.187494958235,211.593747479117,105.796873739559,361.028486046654,90.2571215116636,907
"908",370.681670427003,185.340835213502,92.6704176067508,263.984566374781,65.9961415936953,908
"909",352.514602038721,176.25730101936,88.1286505096801,251.436778142057,62.8591945355142,909
"910",323.40928870568,161.70464435284,80.85232217642,232.708762885133,58.1771907212833,910
"911",591.224730157226,295.612365078613,147.806182539306,757.442189734542,189.360547433635,911
"912",600.200115681673,300.100057840836,150.050028920418,766.735109536684,191.683777384171,912
"913",561.642230162646,280.821115081323,140.410557540661,727.043556107736,181.760889026934,913
"914",521.998854561097,260.999427280549,130.499713640274,687.873907722503,171.968476930626,914
"915",586.303187510108,293.151593755054,146.575796877527,759.925595540215,189.981398885054,915
"916",550.183440278699,275.09172013935,137.545860069675,719.479219855792,179.869804963948,916
"917",574.879181539252,287.439590769626,143.719795384813,744.425805022119,186.10645125553,917
"918",569.665972082943,284.832986041472,142.416493020736,738.388510090283,184.597127522571,918
"919",499.41225095306,249.70612547653,124.853062738265,666.52734679532,166.63183669883,919
"920",466.469275842356,233.234637921178,116.617318960589,628.78519274796,157.19629818699,920
"921",535.707222412773,267.853611206387,133.926805603193,701.074839394042,175.268709848511,921
"922",570.892538823335,285.446269411668,142.723134705834,736.494055099633,184.123513774908,922
"923",513.140460864644,256.570230432322,128.285115216161,675.359592727684,168.839898181921,923
"924",528.722446657559,264.361223328779,132.18061166439,688.687235495904,172.171808873976,924
"925",589.142610963541,294.571305481771,147.285652740885,751.648357486229,187.912089371557,925
"926",620.363852553747,310.181926276873,155.090963138437,782.194511764073,195.548627941018,926
"927",609.688744444377,304.844372222188,152.422186111094,775.5407107624,193.8851776906,927
"928",584.994690854653,292.497345427327,146.248672713663,759.93896417575,189.984741043937,928
"929",560.558805462759,280.27940273138,140.13970136569,742.071855542861,185.517963885715,929
"930",556.983712364638,278.491856182319,139.245928091159,739.579607533826,184.894901883456,930
"931",617.970199403552,308.985099701776,154.492549850888,794.367260528971,198.591815132243,931
"932",613.340331718713,306.670165859356,153.335082929678,792.111494726626,198.027873681657,932
"933",584.964398944488,292.482199472244,146.241099736122,768.58068208336,192.14517052084,933
"934",567.296692098696,283.648346049348,141.824173024674,748.198829225501,187.049707306375,934
"935",585.972721515409,292.986360757705,146.493180378852,767.347434208136,191.836858552034,935
"936",650.303610287654,325.151805143827,162.575902571914,820.293047391875,205.073261847969,936
"937",604.405633556107,302.202816778054,151.101408389027,781.754575063711,195.438643765928,937
"938",607.226572869065,303.613286434532,151.806643217266,779.880369811102,194.970092452776,938
"939",527.863900896944,263.931950448472,131.965975224236,704.793224132272,176.198306033068,939
"940",606.663447736322,303.331723868161,151.66586193408,777.813952202719,194.45348805068,940
"941",632.167069251868,316.083534625934,158.041767312967,802.352111922831,200.588027980708,941
"942",631.273642300649,315.636821150324,157.818410575162,804.864650404951,201.216162601238,942
"943",595.389495331042,297.694747665521,148.847373832761,776.183597122574,194.045899280644,943
"944",547.528440458248,273.764220229124,136.882110114562,730.395097806425,182.598774451606,944
"945",615.720826557523,307.860413278762,153.930206639381,794.071578177844,198.517894544461,945
"946",584.358564478938,292.179282239469,146.089641119734,767.050158899859,191.762539724965,946
"947",565.536331806637,282.768165903318,141.384082951659,758.756333513915,189.689083378479,947
"948",604.736669560975,302.368334780487,151.184167390244,796.620592340587,199.155148085147,948
"949",530.969730512313,265.484865256156,132.742432628078,737.44432806242,184.361082015605,949
"950",454.662761912991,227.331380956495,113.665690478248,650.7785639216,162.6946409804,950
"951",323.239296240917,161.619648120458,80.8098240602292,526.32089622442,131.580224056105,951
"952",184.105609630789,92.0528048153943,46.0264024076972,379.783424810848,94.9458562027119,952
"953",343.969382514671,171.984691257335,85.9923456286677,547.115427907622,136.778856976906,953
"954",577.349873010981,288.67493650549,144.337468252745,777.187882258385,194.296970564596,954
"955",680.159582902495,340.079791451248,170.039895725624,853.819945719318,213.45498642983,955
"956",662.554128162662,331.277064081331,165.638532040665,841.101776177559,210.27544404439,956
"957",463.066172732217,231.533086366109,115.766543183054,674.825156140671,168.706289035168,957
"958",496.623341278383,248.311670639191,124.155835319596,692.129185023705,173.032296255926,958
"959",548.781378798725,274.390689399363,137.195344699681,744.354098398923,186.088524599731,959
"960",588.761697233732,294.380848616866,147.190424308433,771.73664127541,192.934160318852,960
"961",592.602142070269,296.301071035135,148.150535517567,769.61973494067,192.404933735168,961
"962",661.68260134665,330.841300673325,165.420650336663,816.690603073685,204.172650768421,962
"963",690.153788791234,345.076894395617,172.538447197808,834.550304448406,208.637576112101,963
"964",591.445734802524,295.722867401262,147.861433700631,758.942536941648,189.735634235412,964
"965",574.808974425535,287.404487212767,143.702243606384,736.489953404657,184.122488351164,965
"966",604.809285338836,302.404642669418,151.202321334709,766.899282992097,191.724820748024,966
"967",587.235103615801,293.617551807901,146.80877590395,749.262740609711,187.315685152428,967
"968",570.363285048391,285.181642524196,142.590821262098,733.530001642143,183.382500410536,968
"969",619.356913519827,309.678456759914,154.839228379957,780.595889653392,195.148972413348,969
"970",607.246739274538,303.623369637269,151.811684818634,771.426386205943,192.856596551486,970
"971",558.427864059972,279.213932029986,139.606966014993,722.272756729129,180.568189182282,971
"972",523.184546778926,261.592273389463,130.796136694732,687.014988599858,171.753747149964,972
"973",495.17888979504,247.58944489752,123.79472244876,664.249603990355,166.062400997589,973
"974",393.190073069289,196.595036534644,98.2975182673222,571.289445373577,142.822361343394,974
"975",400.581610523267,200.290805261634,100.145402630817,582.376773610977,145.594193402744,975
"976",501.131627609989,250.565813804994,125.282906902497,685.821162453854,171.455290613464,976
"977",533.319618685069,266.659809342535,133.329904671267,721.715939800976,180.428984950244,977
"978",562.584212456719,281.29210622836,140.64605311418,758.407126313918,189.601781578479,978
"979",560.236723474603,280.118361737302,140.059180868651,759.044182843482,189.761045710871,979
"980",671.138912796604,335.569456398302,167.784728199151,839.01082344997,209.752705862492,980
"981",617.448654055562,308.724327027781,154.362163513891,797.816920559792,199.454230139948,981
"982",529.821964310337,264.910982155168,132.455491077584,733.015207150567,183.253801787642,982
"983",577.197753569965,288.598876784982,144.299438392491,768.483600984652,192.120900246163,983
"984",522.663011806573,261.331505903286,130.665752951643,724.465717087573,181.116429271893,984
"985",628.305943281306,314.152971640653,157.076485820326,805.673104154179,201.418276038545,985
"986",626.811410096644,313.405705048322,156.702852524161,803.730602671237,200.932650667809,986
"987",473.868764643944,236.934382321972,118.467191160986,677.625007956447,169.406251989112,987
"988",529.31664297647,264.658321488235,132.329160744117,724.339550151792,181.084887537948,988
"989",409.634633036816,204.817316518408,102.408658259204,609.125520776991,152.281380194248,989
"990",269.349396237771,134.674698118885,67.3373490594426,459.85806509705,114.964516274262,990
"991",291.550386819202,145.775193409601,72.8875967048006,476.310419825029,119.077604956257,991
"992",266.549040421436,133.274520210718,66.6372601053591,445.23274074912,111.30818518728,992
"993",247.68860625118,123.84430312559,61.922151562795,421.931967577856,105.482991894464,993
"994",374.103063969955,187.051531984978,93.5257659924888,573.579848428047,143.394962107012,994
"995",454.739316980684,227.369658490342,113.684829245171,651.704812670276,162.926203167569,995
"996",296.510342312254,148.255171156127,74.1275855780635,477.124537476098,119.281134369024,996
"997",353.681983460192,176.840991730096,88.4204958650481,538.069237542127,134.517309385532,997
"998",295.104936450109,147.552468225055,73.7762341125273,467.717752296797,116.929438074199,998
"999",378.730517360792,189.365258680396,94.6826293401981,550.375937935433,137.593984483858,999
"1000",516.319847888844,258.159923944422,129.079961972211,688.276818795657,172.069204698914,1000
