"","Deficit.PT.STD.Wil150mm","Deficit.PT.cc050.Wil150mm","Deficit.PT.cc025.Wil150mm","Deficit.Dobr.cc100","Deficit.Dobr.cc025","ID"
"1",-393.699870911706,-896.562356033195,-1403.29544251826,378.637699796031,24.8715160951659,1
"2",-380.962955265456,-890.12359197871,-1399.8202294335,379.843476604588,24.9900211105914,2
"3",-355.48868347015,-874.193384579043,-1390.56456318635,384.615790597506,25.484366017515,3
"4",-357.200208540698,-876.313427866273,-1391.33545611405,384.039203929659,25.4147167991006,4
"5",-391.335448537444,-898.876230828566,-1402.86908600283,377.883761462744,24.7407926678177,5
"6",-367.996495431762,-886.917691082797,-1396.62211234865,381.035047221383,25.0603891345566,6
"7",-410.896644911227,-921.655448863529,-1415.97058083315,369.310389913282,23.8417956554476,7
"8",-480.845200410784,-979.647714579139,-1446.29906906372,350.12425714852,21.9146848327967,8
"9",-502.175820478244,-1001.82046345062,-1456.99029685983,341.811602018021,21.1037719710885,9
"10",-407.047862793759,-922.913923345063,-1414.8599137265,366.526340508574,23.5587105264706,10
"11",-444.516356708095,-944.413698620997,-1425.04460105765,360.943282686247,22.9480908236069,11
"12",-384.293933643269,-903.948216234437,-1402.9915370544,373.421591763382,24.255928539981,12
"13",-384.343202785145,-903.246401909828,-1401.81265328266,374.647657757893,24.3939215540468,13
"14",-389.892319225112,-907.671686245748,-1404.4198509674,373.200466355543,24.2445483640365,14
"15",-520.496600287132,-1002.16448763734,-1454.15548509994,344.638292981631,21.3144362485164,15
"16",-547.337265883728,-1028.129557677,-1468.45111826992,336.076423257138,20.4949821625286,16
"17",-504.560606304205,-996.19899874652,-1451.9952209652,347.49839455007,21.6696201660986,17
"18",-507.588173333981,-995.635134839984,-1451.31138607729,350.282358523842,21.9889815039135,18
"19",-473.448221453963,-966.492997890187,-1436.13164782707,361.425061831222,23.1538710057923,19
"20",-437.598385769513,-941.138541711024,-1422.54741360625,370.039968981169,24.0984494439519,20
"21",-456.532455030274,-954.009794517953,-1428.85044968571,366.605609485372,23.7801779475322,21
"22",-447.057747475042,-947.039700028399,-1425.14868795975,369.000364615807,24.0435904508877,22
"23",-483.474148321559,-974.883643781522,-1439.93577267828,360.229816788554,23.1376047033736,23
"24",-501.348049383412,-990.380311583291,-1447.73644649445,355.28733479103,22.6329306172511,24
"25",-470.001624689936,-966.369640677521,-1434.85492454414,362.906051440713,23.4174372654672,25
"26",-472.519627363099,-973.332275005718,-1439.0358488917,358.72524818005,23.003376144168,26
"27",-416.180993200129,-935.537207926836,-1419.31190306192,367.722005847282,23.9795714145557,27
"28",-484.237888809111,-991.654664531409,-1448.55993384717,347.43388577573,21.9345889646468,28
"29",-430.439722399763,-943.18914213182,-1422.52352608426,362.305155379904,23.4123105197493,29
"30",-431.848111886283,-938.669553407733,-1419.32189856635,365.407980961549,23.7015289334856,30
"31",-497.476809448781,-1009.76290383056,-1458.30455733842,341.088863395816,21.3554106148771,31
"32",-489.194572959613,-995.391854328147,-1450.51924272828,347.918213025812,22.0464089647755,32
"33",-434.764933224979,-955.919654471285,-1432.236440077,358.843300745035,23.1691595334073,33
"34",-357.84517654848,-897.097766882038,-1402.13720429805,376.472436995554,24.9815026637935,34
"35",-411.165526367438,-927.720910410531,-1417.69806234717,369.371954929408,24.2226869408997,35
"36",-383.958911367433,-918.188981755444,-1416.75115146345,368.997584126929,24.2410247455629,36
"37",-485.861538019713,-1027.07689575542,-1472.79131959371,335.693410640659,21.042284074678,37
"38",-274.267818575349,-884.79290463095,-1410.31091078999,377.860270065953,24.1709176684506,38
"39",-362.929636844535,-927.837740348097,-1428.75247401996,365.090134852169,23.6142006626749,39
"40",-736.560039049873,-1243.56833646005,-1573.67062090882,274.391526660617,15.4006195543087,40
"41",-692.259293563959,-1194.5217308315,-1551.54313985425,294.490241596942,17.0523110372626,41
"42",-618.54206366907,-1126.50477353535,-1519.39425187398,316.54211984725,19.1107363695334,42
"43",-802.680820598085,-1312.74042276669,-1602.9240253071,251.176449569741,13.3976046307186,43
"44",-809.369475158001,-1301.93979341044,-1597.26041894521,251.155423272095,13.6829042603122,44
"45",-634.628221502075,-1118.76931886663,-1516.19682248322,314.943495214268,18.7738657962146,45
"46",-484.501764076541,-999.811997505585,-1452.92594584041,352.02533127061,22.4536354295819,46
"47",-594.142781285574,-1119.60069145536,-1516.06545534912,310.087492545519,18.5226206980815,47
"48",-578.427243016278,-1094.67573056243,-1502.14488242525,316.452087369639,18.9894823356599,48
"49",-470.988521849818,-1049.84228514328,-1479.07978603396,319.033650292917,19.3411845784272,49
"50",-543.091636522138,-1080.82382828503,-1497.67947959928,307.245686929071,18.1281697986591,50
"51",-441.383432481386,-1011.2943975897,-1456.12640623603,327.186125898529,19.8994192182193,51
"52",-376.601444798198,-943.72330851441,-1413.86633211003,353.54329673678,22.2643554309807,52
"53",-497.399539725857,-1007.28015458242,-1450.81174429288,334.244485474699,20.2172660643688,53
"54",-494.025781185439,-1003.32436073727,-1448.75601645908,336.012842137657,20.3236839309006,54
"55",-503.694442925936,-1007.87907827351,-1452.20489865087,334.880872815838,20.1446096114214,55
"56",-465.238246676249,-983.710340282301,-1436.38568587511,344.199662765274,21.0308438763197,56
"57",-450.900085007796,-978.031657383617,-1433.13197369451,346.716610109022,21.2909848849364,57
"58",-490.841306163188,-1002.03253568317,-1449.73943210536,338.372690595304,20.4827035020243,58
"59",-560.280061599497,-1049.97653592414,-1481.11969456192,321.44530492628,18.8481010888063,59
"60",-543.300448263058,-1037.74957932903,-1473.09860347029,327.316967807883,19.4378676362718,60
"61",-507.024693945591,-1015.94340053499,-1459.31448759373,335.710921452045,20.294079345284,61
"62",-445.663248377068,-986.716449725207,-1440.8446553401,346.249076371858,21.4106110427108,62
"63",-479.552676707874,-1016.83826900296,-1461.97442903748,334.20190743986,20.3564206440386,63
"64",-505.028863438261,-1024.80827212911,-1465.79980837595,336.277686623608,20.5352014917801,64
"65",-533.925050468457,-1041.68650698405,-1476.03855662137,331.931590554122,20.1347124259442,65
"66",-565.011044045744,-1070.56063614975,-1494.47555898748,320.922294411959,19.1710620491877,66
"67",-574.785371157332,-1083.12379089491,-1502.51087957423,315.250669520119,18.701722495505,67
"68",-423.611141770188,-1017.83597959308,-1466.06967540752,328.178388515433,20.1438714068538,68
"69",-429.913641422557,-1023.97530800435,-1470.14330958208,323.666874937908,19.7443709196538,69
"70",-412.767104651112,-985.25623158923,-1442.05512985248,344.222845059211,21.5649854747189,70
"71",-421.857467965329,-988.668522814927,-1444.15739936928,341.88090774841,21.339705957795,71
"72",-335.805967400592,-966.028035046221,-1435.14488386681,338.857890692973,21.1803515710218,72
"73",-338.571106742241,-976.235640752883,-1442.88409240776,333.434681064581,20.6311230258871,73
"74",-344.414523045184,-1003.04121238322,-1462.3443490247,319.271966193405,19.1407401773753,74
"75",-348.843910489131,-990.245894862665,-1453.19689708809,325.248608887467,19.9093162800431,75
"76",-402.013588774999,-1003.65121882356,-1459.23403894867,325.745004669529,20.0535661849361,76
"77",-342.176271876778,-985.333828645357,-1450.74559580659,328.56045520601,20.1667409098035,77
"78",-368.597494693294,-1002.9286679113,-1461.90990315559,321.11311874811,19.5538551594823,78
"79",-392.155458048658,-998.718521800297,-1457.139796728,328.11453198753,20.2404540370698,79
"80",-402.358315460934,-1023.76029242233,-1474.49134054466,315.824071154723,19.1397153594233,80
"81",-362.279664523412,-1008.31267703494,-1466.57453319018,321.160836278772,19.3604613607586,81
"82",-463.990496938038,-1045.59247812036,-1486.00817185023,315.760659934364,19.032073283134,82
"83",-460.135335414583,-1045.25541387778,-1486.26861906265,315.805085638552,19.0373324054186,83
"84",-482.485301550432,-1047.36715627193,-1486.23695830923,321.118875628284,19.4711195767318,84
"85",-516.904570830221,-1073.23922849978,-1502.08190393603,312.184359268678,18.6775842904518,85
"86",-508.218391747232,-1061.73061688637,-1494.89536189248,318.408882161552,19.217456060246,86
"87",-739.296144263758,-1230.1856793873,-1571.03925983668,264.915492633557,14.3635697689887,87
"88",-781.383782295356,-1266.59542353304,-1584.76961844199,251.14612764314,13.1087456069426,88
"89",-932.478734799834,-1385.03683882194,-1632.52870992533,206.106799124098,10.74783547636,89
"90",-899.975662499165,-1360.68831005559,-1622.72497813162,212.271335195957,11.0193110973253,90
"91",-1040.21892723391,-1462.2916231761,-1665.49693601334,167.446490104037,8.58338604867552,91
"92",-814.854293009233,-1298.25440256456,-1598.16990612353,228.95789081656,11.4879172119482,92
"93",-773.0839162959,-1254.28448838689,-1578.88964756838,241.395587132334,12.4618273864326,93
"94",-793.813670597886,-1277.96287072937,-1589.49324128785,237.305599753479,11.9806779327173,94
"95",-898.053930644421,-1364.71169313721,-1625.08056852689,211.070534004486,10.6278244678704,95
"96",-1013.36463426758,-1447.34340453784,-1658.94347654868,181.880545180868,9.11398143510406,96
"97",-822.984958357249,-1308.55786972419,-1603.00061584103,234.55728522549,11.5483026567947,97
"98",-670.656635678933,-1175.85246322124,-1549.11836939475,275.887163824162,14.8756373687756,98
"99",-543.967149785968,-1105.65913308921,-1521.68910124731,288.993049836504,16.107092966002,99
"100",-526.836833134252,-1061.3691256215,-1498.28823716775,307.106406865625,17.5459009308737,100
"101",-518.601718074987,-1033.37814202035,-1480.29318861036,321.741067269236,18.69704741448,101
"102",-635.701417729469,-1113.27613406722,-1515.3223481279,293.55010626751,16.0171016990649,102
"103",-648.976190867411,-1126.95206918865,-1521.9252440597,287.111922837488,15.3999751569114,103
"104",-635.092039258554,-1112.01653864515,-1514.544880804,292.333236220409,15.7789146479946,104
"105",-639.598174719654,-1116.26852587967,-1516.41296688367,289.66768428295,15.5701950994759,105
"106",-670.97881224119,-1149.66732525956,-1532.29568937951,275.283412845685,14.5348418030985,106
"107",-732.677325538914,-1211.87025123286,-1558.98788768876,250.697865711703,13.2842758425968,107
"108",-690.177343792228,-1167.83121496613,-1539.664962836,266.703850488555,14.1967445473946,108
"109",-657.593034903957,-1135.45840084195,-1525.33664133049,278.45560510137,14.8062202344885,109
"110",-642.473776490613,-1120.71094707499,-1518.57479730051,283.924272159199,15.107856699101,110
"111",-596.58348686619,-1084.28108950191,-1502.35706493988,296.92954803344,15.9480657126385,111
"112",-530.380095975524,-1037.57803349346,-1480.74161152238,313.347453276812,17.4056982375388,112
"113",-567.53207704958,-1065.6427105922,-1494.36999845156,303.209219185038,16.4754221824545,113
"114",-462.948573620702,-998.794440194688,-1463.66402422908,324.683606291305,18.4653264410939,114
"115",-404.244646091562,-967.697742223279,-1447.00044739763,330.690727805217,19.0676373973152,115
"116",-404.86465531275,-967.098060710097,-1446.47895154968,331.192365830102,19.0757663172269,116
"117",-425.196680235794,-979.228092148182,-1454.36411742698,327.231333980824,18.6705406801472,117
"118",-420.612397750142,-977.071709569038,-1453.65306170049,327.249372449977,18.6010250705704,118
"119",-439.271744603925,-985.970294106931,-1458.04809478899,326.346210766072,18.413588606826,119
"120",-476.20021136506,-1006.99640056784,-1467.75891651342,321.353782684396,17.8413824764953,120
"121",-427.995512559437,-981.861264470169,-1457.02912050586,326.826781433423,18.2751024182323,121
"122",-443.295538430613,-993.08733302011,-1463.15136662393,323.141478050578,17.8271623832122,122
"123",-501.200787163829,-1035.0488728172,-1484.36773045953,309.320655833753,16.4658030100736,123
"124",-620.839770669743,-1121.70645518293,-1523.70229026286,280.891136678861,14.2019515477588,124
"125",-779.29199498846,-1267.06587976319,-1585.62786564455,229.368609021453,11.4661028428132,125
"126",-823.516747743642,-1297.14968865591,-1598.40530724397,217.75385512602,10.9133511556153,126
"127",-905.343285381654,-1368.3735464592,-1628.77270135968,192.225729099195,9.34907384377569,127
"128",-899.166939327983,-1370.98403205247,-1631.13692953773,190.116221274353,8.93758892403701,128
"129",-740.33490623621,-1237.09024306174,-1575.28734076632,233.348297354836,11.3153102939299,129
"130",-658.840469484684,-1159.49653117094,-1543.43120769648,259.489959543604,12.4262389795356,130
"131",-539.000916465915,-1067.31610338784,-1505.61186607793,285.656872351047,13.5038373338939,131
"132",-529.962102834542,-1063.69330036974,-1505.56681836019,283.807886024127,13.1813617750446,132
"133",-495.467425436019,-1041.43041100727,-1496.54985624575,288.643634433612,13.2354830966078,133
"134",-652.011623737213,-1159.55208237949,-1546.62887492903,252.303306321597,11.6084655785853,134
"135",-674.40936258725,-1184.23923083327,-1558.30044651804,242.327621844905,10.9650980129364,135
"136",-507.469828965863,-1050.82862774618,-1502.55162919326,284.905533846227,12.8398733072253,136
"137",-428.86117017872,-1004.75903874497,-1482.94937945402,296.338219709404,13.0970366623471,137
"138",-485.797599420698,-1044.2910669086,-1501.94693273871,285.229781252618,12.5141023658719,138
"139",-494.046388454312,-1047.13282218051,-1502.81344635002,284.967892509982,12.5636648063202,139
"140",-464.453754755566,-1029.43101644397,-1495.09161159206,287.517816072385,12.5836923879274,140
"141",-472.064290893523,-1038.8986534728,-1500.2490297014,282.019905367115,12.1688373622303,141
"142",-646.111519499331,-1174.4550364112,-1558.58134847415,240.79846300891,10.2168740267654,142
"143",-686.369496291215,-1203.34562228078,-1568.83981537012,232.578142684808,10.0954258144957,143
"144",-568.660937948853,-1102.34639858137,-1526.97122840518,264.290725258492,11.5535997034368,144
"145",-457.640211588688,-1023.10950150137,-1492.45361530732,288.987247997398,12.6018321358494,145
"146",-479.606104180005,-1044.85027145323,-1503.98768621874,281.679194224933,12.054471552822,146
"147",-433.067337452431,-1019.98554387695,-1493.88508561717,288.859284478024,12.2153976592213,147
"148",-424.114127285321,-1015.42363635905,-1492.32973539591,291.780247444386,12.2683026498959,148
"149",-399.581934059325,-1007.04350810763,-1489.97194804029,291.562920228945,12.0109842170437,149
"150",-515.353742308875,-1099.58241027143,-1532.93651942086,262.54518458407,10.3994469331006,150
"151",-759.708120477419,-1297.97051791151,-1613.95346059451,207.459920438575,7.87348413210416,151
"152",-778.185499885939,-1309.28791975663,-1617.66576887958,200.913788526739,7.77443823576414,152
"153",-633.366451245544,-1172.81811590953,-1560.63010824646,242.702265611852,9.8496114952255,153
"154",-574.152928309288,-1117.70949476291,-1536.87149465234,258.80349233126,10.69652567729,154
"155",-616.209366192718,-1151.51812992757,-1550.93251285724,247.704550964063,10.1338657791483,155
"156",-662.410858017842,-1193.98562982036,-1569.26216152902,232.139965698624,9.28408654606435,156
"157",-691.891090433137,-1225.38180040864,-1583.43005338818,219.502295858399,8.55686119220295,157
"158",-594.796579164836,-1142.50044203129,-1550.2600878197,244.704461804207,9.52514236870553,158
"159",-486.256378839367,-1062.74158169303,-1518.04595881178,267.042391571191,10.260218682579,159
"160",-421.247316412732,-1022.74513916299,-1501.21635754802,276.271771594333,10.4407204357542,160
"161",-483.450527266905,-1068.11162903355,-1522.37801104382,263.413882458494,9.77281258763596,161
"162",-592.49465400662,-1149.29722267884,-1556.41613246654,241.066248132321,8.85562607039671,162
"163",-497.685047175399,-1077.81491130443,-1527.22435556096,261.445170691091,9.5861495790166,163
"164",-637.56382998922,-1188.81041085292,-1573.05017127735,229.750281665607,8.23932361882122,164
"165",-695.989022857363,-1240.97780923434,-1594.25094354692,213.269824723402,7.55401613132715,165
"166",-624.645090507146,-1175.99244427798,-1567.64738273108,233.558331182412,8.39317295437984,166
"167",-491.339558424348,-1073.16992255357,-1525.37953404555,262.228340022873,9.51951622118913,167
"168",-431.560867699229,-1037.41722504835,-1510.01738756726,269.593954038978,9.6970466532154,168
"169",-502.185997041071,-1083.73426006772,-1529.90799473264,258.519779531136,9.33726982303153,169
"170",-487.206656178813,-1075.27851189615,-1526.40126924735,260.851927721293,9.37769140636119,170
"171",-421.381615727354,-1035.7286150067,-1509.62248909862,269.729572027236,9.608822352731,171
"172",-455.901542477449,-1052.33366826619,-1516.15919674874,269.171740362642,9.76630833340695,172
"173",-501.241756188598,-1080.47494475998,-1527.98387480064,263.547840997716,9.61992480785127,173
"174",-585.154837119908,-1145.4967307323,-1554.85273998332,245.290512359411,8.86752168842013,174
"175",-666.561615917173,-1212.42967925716,-1581.58012429027,225.731312538458,8.06968570264509,175
"176",-695.180951044193,-1241.59004920998,-1593.64369029894,215.204967018313,7.63548977932653,176
"177",-706.646024285504,-1254.92951324156,-1599.32468470675,210.310835455849,7.36810061092869,177
"178",-673.048973640523,-1225.93155405133,-1587.82798973758,219.162657719855,7.62850622775692,178
"179",-691.739780459175,-1239.68991350811,-1592.45646999831,213.58939262038,7.55217685676305,179
"180",-635.56094650884,-1188.18236248268,-1571.20478283031,228.700909453815,8.1840672440293,180
"181",-537.34995320267,-1108.88802963788,-1539.09301272131,250.232330265161,9.04691976911569,181
"182",-451.932253569557,-1050.50873971851,-1513.88573841259,266.907862815278,9.68543949328074,182
"183",-517.381050742335,-1102.09217316868,-1536.86281654979,253.502299962153,9.07228514501191,183
"184",-642.493398751004,-1195.86090291026,-1574.17150018292,230.129380109782,8.29306578293606,184
"185",-660.082715327224,-1207.80199033964,-1578.46200568935,227.656812029729,8.27483690247433,185
"186",-650.402635005709,-1198.91055873257,-1574.3166164809,230.745385140672,8.47496520393235,186
"187",-589.427712176438,-1147.13401761545,-1553.19773181899,246.051538769315,9.14547337058978,187
"188",-584.82759651431,-1151.18699343086,-1556.41810636946,243.409010639134,8.81187888976898,188
"189",-503.206326708579,-1095.95627771926,-1533.87901633441,257.098693427301,9.21601828241217,189
"190",-630.870623180238,-1197.29481917604,-1575.88819133596,228.484211745577,8.00774905683118,190
"191",-573.780803887193,-1147.59732187495,-1555.80080107686,242.27564466366,8.60912756749602,191
"192",-434.778429033872,-1051.905632771,-1515.4330116017,265.836853792454,9.39619481584585,192
"193",-438.741251551116,-1059.03961141852,-1519.18047710048,261.789127576767,9.09912221717336,193
"194",-479.635096578282,-1085.83270231712,-1531.24174523441,253.641569246269,8.75103743639182,194
"195",-519.850923476181,-1107.31540664119,-1540.56715701324,248.144456605801,8.61672035151081,195
"196",-551.726813209146,-1129.53818259801,-1550.68560168544,241.925973288264,8.31235062297912,196
"197",-561.182574354664,-1133.97589206703,-1552.53374257826,240.357653831311,8.27957352734498,197
"198",-603.673579177582,-1167.29695367178,-1566.04624001511,230.416008863458,7.86141509314309,198
"199",-659.870476269898,-1216.59058081439,-1586.41286515402,215.054085821201,7.1566514673367,199
"200",-696.678168600094,-1248.22117938342,-1599.11872910595,205.321672501334,6.75180383043034,200
"201",-595.483637633231,-1167.73336099598,-1568.33607728491,226.526564296224,7.45707853545515,201
"202",-425.156849581537,-1058.37721412194,-1524.63541196404,249.196464123333,7.94618447720309,202
"203",-460.529230628681,-1080.37568989749,-1533.63870583155,246.031215674933,7.89875056721682,203
"204",-464.840514431213,-1086.04953558323,-1535.90711725888,245.450239102904,7.81145356840253,204
"205",-544.831747946633,-1139.58293687403,-1557.91257826992,234.490308109429,7.46995432848367,205
"206",-612.157079876919,-1192.83111985687,-1579.65615323406,220.129941596368,6.86057252577288,206
"207",-647.938765144919,-1221.26952414172,-1591.04353775084,210.07056908778,6.43194941475952,207
"208",-559.686811823855,-1151.36263185933,-1563.25941737072,225.979624826078,6.95902397645726,208
"209",-493.566518158439,-1104.4557206871,-1544.16061892641,234.656377294928,7.1487579310325,209
"210",-669.811876961886,-1237.86099105416,-1598.09086070729,198.832706221308,5.83222738477145,210
"211",-661.876757867571,-1226.20669695995,-1592.9069992952,200.817443230876,5.92948911626412,211
"212",-529.943101747386,-1127.35179633188,-1554.60045914518,223.509112758138,6.52719312457613,212
"213",-514.439912788278,-1114.78830042708,-1549.63218946388,226.682281248103,6.60224035780175,213
"214",-517.512883573287,-1119.24039290786,-1552.16242780149,224.572681981216,6.42715137670254,214
"215",-493.874837704107,-1101.70010710277,-1544.86350365701,229.543751996522,6.57603621776532,215
"216",-557.955089947936,-1154.70972590325,-1567.1828264456,216.641781621131,6.02761167197292,216
"217",-522.817718748451,-1130.14147005888,-1557.05086982543,223.868443282011,6.25105089330973,217
"218",-525.740330858741,-1132.0567866756,-1557.67161244802,225.593785576008,6.33105403926164,218
"219",-490.119475726756,-1108.4855939402,-1548.29735760703,231.286753978712,6.51010045513932,219
"220",-492.563085586526,-1109.84578279035,-1549.36629615283,232.065108920088,6.55026553533713,220
"221",-479.439672422199,-1102.97122290746,-1546.72383496002,234.591377370069,6.63353995409119,221
"222",-515.866899383288,-1136.56894000582,-1561.09105509063,226.728084420486,6.27926464035028,222
"223",-586.977472191854,-1179.41123828502,-1577.60598868635,222.434034529757,6.35867451233175,223
"224",-582.997892092766,-1176.06230270555,-1576.16031124783,224.506667788335,6.46304628066754,224
"225",-659.009296025376,-1244.27273641181,-1603.98843227756,206.078286608355,5.66570924257277,225
"226",-650.795520576549,-1230.58455913512,-1597.82549283907,211.081201866158,5.99920219929067,226
"227",-706.906816069961,-1299.95564714003,-1628.63166488462,188.035890630709,4.67430293310063,227
"228",-671.857866322924,-1271.03267078036,-1616.86615152153,199.936418643927,5.15872195435411,228
"229",-651.563249002543,-1246.55605069913,-1605.9995008337,211.556771356926,5.7803928429197,229
"230",-726.800970763453,-1304.1152909341,-1627.8302759709,197.392325692692,5.37000203198081,230
"231",-854.227584012145,-1403.97431709897,-1672.53721206645,160.868901163044,3.86133950024022,231
"232",-899.099840613301,-1426.18306672389,-1682.79374719461,148.176558526581,3.42879533181884,232
"233",-765.287133651993,-1340.69050946251,-1642.69711175023,177.261784508914,4.43945302870747,233
"234",-526.616025255372,-1154.63300934171,-1569.91211886758,225.501615412756,5.93983057147884,234
"235",-442.957686307821,-1129.27435927897,-1561.47420148996,224.052660663416,5.3713458054388,235
"236",-512.330768121209,-1188.92810266632,-1586.85842734268,208.792256260041,4.71165189158835,236
"237",-546.458499965428,-1206.6140890894,-1594.12090516328,212.188528035567,4.89246866138146,237
"238",-622.751922327623,-1262.64510897577,-1616.93944149468,203.212314455483,4.62628390647545,238
"239",-823.395782798105,-1408.02772324947,-1669.93408815055,168.143237047069,3.43201690404257,239
"240",-658.027771866517,-1280.52084797508,-1624.70113819898,205.728928588327,4.74294985973942,240
"241",-583.278392602116,-1208.83965383631,-1595.87512147881,227.782795232874,5.59705395916433,241
"242",-761.384507734599,-1363.70610632725,-1659.18676691712,184.136587493967,3.86091324064117,242
"243",-849.618608194636,-1425.18665324305,-1680.75362263569,161.474261382293,2.87513131205433,243
"244",-694.741379882279,-1308.27848116803,-1638.36112560782,199.498276498038,4.18318085057466,244
"245",-711.037255367419,-1329.79187131919,-1648.96285463307,189.590241655484,3.61335483835597,245
"246",-739.621928929852,-1365.43710180348,-1660.40005335301,173.514592105208,2.78659267217829,246
"247",-746.928789467898,-1365.1222216832,-1662.94181234998,149.156252871484,2.63493148392909,247
"248",-599.058797948027,-1239.99050517828,-1616.26341305076,173.807177408841,3.49322505883146,248
"249",-534.977296991453,-1183.2265872752,-1593.8699340853,184.653762553869,3.87489861753022,249
"250",-521.687061244199,-1172.91779095849,-1590.61854249649,185.472209557568,3.80892280350937,250
"251",-506.436667091855,-1165.87300542116,-1589.02529237748,184.998983226067,3.63404077968913,251
"252",-500.00817828907,-1162.9417074619,-1588.44093672216,184.774689794189,3.57028716623783,252
"253",-509.426470882222,-1171.05586605232,-1592.07524788752,182.948978701673,3.49063982799386,253
"254",-532.122642099775,-1187.5169203676,-1598.87264350708,179.783454057696,3.3965475085606,254
"255",-566.83198698063,-1213.66356670841,-1609.23518384538,175.307103549122,3.27555664996871,255
"256",-563.838119302906,-1212.50078390204,-1608.67928573704,176.065694637763,3.29793345130781,256
"257",-559.006904386503,-1208.06489332715,-1606.63975466916,177.749018552185,3.37746979179395,257
"258",-540.784014401966,-1198.5800610234,-1602.42033634492,178.945524383201,3.39968834700133,258
"259",-540.739952993887,-1197.12779637767,-1600.89006984618,179.843236621876,3.51743266388424,259
"260",-537.01489488677,-1211.55856517507,-1606.7970995397,173.575965103509,3.12692251328906,260
"261",-587.688535795713,-1245.05149407645,-1619.62506037068,169.402084567992,3.08502288896493,261
"262",-612.315906011291,-1246.93128145754,-1618.45490294817,172.718249932976,3.52666113895995,262
"263",-584.791641998175,-1221.38825054991,-1607.26511196144,178.602402955541,3.84838173095137,263
"264",-638.640279244506,-1265.46932500386,-1623.9551923382,169.03511378592,3.56506882896324,264
"265",-653.385463455138,-1276.46913673982,-1627.82222284725,165.99926129039,3.49252902019514,265
"266",-616.697646034173,-1238.51379095079,-1611.10437366254,174.75300693604,4.01930983114832,266
"267",-579.652362900255,-1218.43098210226,-1603.35553341558,176.855359131051,3.97527344528777,267
"268",-542.064539923419,-1192.04578686474,-1592.23291453619,181.315430153583,4.14865163349817,268
"269",-586.512284045103,-1219.44284486067,-1602.62572995196,177.455501233683,4.13307473106201,269
"270",-660.44263852462,-1273.0650867985,-1623.07466118587,166.789657989094,3.84647621863631,270
"271",-692.726887666131,-1291.28497681309,-1630.34829232686,162.441782026266,3.69312352679399,271
"272",-556.574388343072,-1199.27751823131,-1592.88694044673,175.932149494771,4.00527896160641,272
"273",-507.761114368543,-1163.985578812,-1577.61153490055,180.928075681696,4.21730944713062,273
"274",-515.195346625679,-1168.14700743365,-1579.08415875477,179.990307480029,4.20916162099022,274
"275",-664.009937980188,-1264.47941274524,-1618.48347945298,166.414401208515,3.89826334450277,275
"276",-571.563854906945,-1199.15422495104,-1591.73108413953,176.239551760803,4.18813297132492,276
"277",-633.323440646406,-1242.35146470223,-1609.43600216771,168.134125838772,3.90065570275968,277
"278",-656.042647148004,-1249.93726740476,-1611.86210898066,167.450395666964,4.00061667816721,278
"279",-600.675534521119,-1208.93437903174,-1595.21460048264,174.203044590723,4.2060923882845,279
"280",-509.592299741348,-1156.5082350963,-1573.10314466023,179.248497032647,4.24481123916776,280
"281",-627.931757541836,-1241.30329471533,-1608.57462295168,166.014651403715,3.77797578306102,281
"282",-640.457166913388,-1240.30725089171,-1607.9339714361,168.880139202729,4.0344050326958,282
"283",-620.562430171553,-1231.09501768041,-1604.29544883591,169.529455432584,3.99923325050755,283
"284",-483.724141820292,-1151.63747238442,-1570.66434728286,177.509782833208,4.1033184445995,284
"285",-669.757998099576,-1277.12011572866,-1623.32388949353,160.715053165981,3.61817128837946,285
"286",-747.423239930104,-1332.94320123226,-1646.77455758395,150.605891505859,3.3017830119415,286
"287",-696.483486984095,-1308.90505493398,-1637.0657900202,157.320213697162,3.40317772776453,287
"288",-593.121834312444,-1266.04946580822,-1619.45555042221,156.107017934099,2.90672148182361,288
"289",-567.17998306745,-1268.04606320827,-1611.2203195995,147.915002882827,2.32474145670016,289
"290",-539.666152239235,-1232.26777960849,-1605.52641596476,162.088289043126,3.04433241100898,290
"291",-527.680749012644,-1219.70753776895,-1600.67108390421,166.195514526379,3.24917271543686,291
"292",-636.98493927858,-1295.08589526798,-1630.12617562329,152.452383866947,2.77787223698261,292
"293",-585.221629065855,-1268.06152517198,-1617.0513975356,152.78303833396,2.637425702215,293
"294",-713.223510438069,-1348.14548788664,-1645.5380209458,139.231201455802,2.24423554268841,294
"295",-779.969395405022,-1364.33933048006,-1658.92682088976,140.290421542951,2.62330869863363,295
"296",-800.180733377578,-1378.00422634003,-1664.26823286073,133.276172383465,2.33697340812276,296
"297",-713.968842914339,-1336.70798613828,-1645.42871029245,83.782452535731,1.94791914380589,297
"298",-712.968414487788,-1317.10698806521,-1640.05367653393,86.0821119155058,2.19351076478604,298
"299",-1045.31097064125,-1506.04866571896,-1708.52877656351,49.7930731732863,1.11995695809309,299
"300",-1134.00434844367,-1540.6718027996,-1712.83352299574,46.324358702659,1.01214636707137,300
"301",-1112.26673696059,-1531.56940843085,-1706.47832528073,48.8112012265577,0.99942052425131,301
"302",-839.679379427783,-1407.92406192553,-1657.38644346172,68.4171176705935,1.48276674702394,302
"303",-767.738840798149,-1364.82580735915,-1639.98691891992,75.4067556681203,1.7393573639507,303
"304",-789.470026217246,-1362.70754851296,-1643.05294180696,78.1535198657228,1.99412276405557,304
"305",-969.526440141883,-1450.83290343457,-1676.39480788101,61.4188563514873,1.52459381555538,305
"306",-950.582309270927,-1447.74396493851,-1672.54082459507,63.4025929596673,1.43278111820279,306
"307",-903.3159055872,-1425.3309413758,-1664.13890499617,68.4860323295215,1.57826787573339,307
"308",-763.402477015315,-1346.85787858395,-1634.98836253348,83.5641272788295,2.09087323133819,308
"309",-655.3151156464,-1288.96433980942,-1611.1392186826,92.2100150796582,2.28534943030573,309
"310",-669.12455097658,-1292.07900519705,-1613.76203973694,93.4030898623542,2.35432564845361,310
"311",-548.712087653351,-1240.48735109899,-1586.18375242962,95.261388176976,2.21089932422902,311
"312",-696.776800121992,-1309.42123587751,-1622.40981246591,91.800286261254,2.24407235596135,312
"313",-792.757129222358,-1358.66390167386,-1645.08034684223,84.0157708201443,2.09989440223674,313
"314",-840.752693479611,-1387.17841023148,-1656.24162840553,79.4831918621525,1.93406393424183,314
"315",-740.479537560509,-1334.00478591593,-1633.89041693332,89.9108409918815,2.16180221724606,315
"316",-734.170186850327,-1329.87866633959,-1632.4955109605,90.6780854548861,2.18480523086817,316
"317",-733.110216234397,-1321.82079722243,-1629.96739550734,92.7107808001053,2.33514210522801,317
"318",-751.548241954967,-1334.15891214079,-1635.86783798401,90.6230741083398,2.2526834300214,318
"319",-693.559361558936,-1300.3289879269,-1618.6116921371,97.1057656739192,2.4419320171112,319
"320",-676.035137277706,-1291.42425199795,-1615.39311025141,98.1232416170151,2.4594439039307,320
"321",-718.852331008956,-1315.51084615604,-1627.2441653791,94.3185534135284,2.36007157335929,321
"322",-647.97638525163,-1276.96743357434,-1609.11129271732,100.151466729799,2.50155587040914,322
"323",-505.034818721604,-1199.49452392096,-1575.1650938337,104.952327782333,2.52504134893212,323
"324",-459.909198743065,-1168.84970954116,-1564.06554273113,107.917649211231,2.62851188747487,324
"325",-502.028795483592,-1185.71510210776,-1574.0235021078,108.318417059061,2.72669536194019,325
"326",-660.267921198172,-1289.13119553639,-1618.85089178179,99.1316051568455,2.48824385610808,326
"327",-675.762420020739,-1274.54054750386,-1627.92469496814,101.458641412613,2.62274077587652,327
"328",-705.593184694365,-1294.51102906123,-1635.8798151014,98.5600654723291,2.56319327037338,328
"329",-843.391561835754,-1396.67133290756,-1663.39067270014,80.4630654961923,1.91441247337058,329
"330",-901.075105351577,-1428.14957596334,-1674.76444400608,74.5230147400235,1.70110766682182,330
"331",-794.346631644261,-1360.89154901728,-1650.26872968207,86.3181610944948,2.12556932988924,331
"332",-718.082992300558,-1316.17583550035,-1629.61002737642,94.3994151751077,2.33474745971119,332
"333",-662.030939483453,-1284.33639348544,-1612.53127094173,99.5301663644699,2.45172513032797,333
"334",-705.744200104356,-1313.97166695954,-1624.74539025537,95.2771618042033,2.23989949424852,334
"335",-639.615965763806,-1279.24743350975,-1607.46017264376,99.9276074778122,2.31969472423906,335
"336",-727.364920856097,-1325.54509709793,-1631.03256787329,93.472448926165,2.17831182251439,336
"337",-822.658369243178,-1379.49060577532,-1652.20936016828,83.7814304976656,1.89869707327247,337
"338",-835.605963121959,-1386.6979758325,-1653.83851181082,81.6621656300539,1.81157764303131,338
"339",-870.989957372443,-1406.06820572315,-1658.99926846822,77.6289475332642,1.66248748034631,339
"340",-780.016048197565,-1357.31145325788,-1638.40643081007,85.859737279376,1.86369495417398,340
"341",-690.779929243645,-1306.29158355703,-1616.27274026827,93.5519582541234,2.07980525346539,341
"342",-685.273652383559,-1307.01762353323,-1615.7775775287,92.8997371380211,2.01743530394559,342
"343",-604.62683535247,-1261.98007046707,-1593.66319954049,98.955332668509,2.19846511996568,343
"344",-591.047806709312,-1251.09351449634,-1591.70209580278,101.660031668318,2.32709766471656,344
"345",-567.526451470695,-1237.6534046159,-1587.98358783812,102.96921746376,2.37350660419375,345
"346",-602.438785044588,-1252.90510328316,-1597.68471741217,103.044559931512,2.44895502360425,346
"347",-560.081118221053,-1233.36315068187,-1589.84889303184,103.76024984986,2.4180016777336,347
"348",-694.138099069332,-1325.53645044734,-1629.04243955289,89.9875806130255,1.95191649038998,348
"349",-859.51356562124,-1414.05131537925,-1667.71334462113,77.4849393327825,1.68516591207403,349
"350",-1145.53458224932,-1551.64604298691,-1715.41597016286,52.2302635321682,0.92524961904536,350
"351",-1563.09795397222,-1724.52115299571,-1767.28274978626,22.1006443970535,0.0907572583508625,351
"352",-1406.57224108721,-1667.9319667728,-1753.34036441453,30.1312322285113,0.289315057861034,352
"353",-980.193478813814,-1469.94920283582,-1687.93022709436,65.511208909925,1.29783631949606,353
"354",-701.789028576712,-1311.89096541968,-1627.97841497057,94.287423404388,2.14784629991742,354
"355",-669.384828524101,-1289.15658750033,-1617.05172559607,98.2160467427592,2.27646380494983,355
"356",-680.543825341688,-1297.7352947583,-1619.82350605282,96.9210506462307,2.18517069894664,356
"357",-695.061911289982,-1313.7154852793,-1626.41524473684,92.8195601542473,1.95508738963488,357
"358",-795.871417098321,-1376.47362285895,-1649.13000230494,82.3307980530058,1.55754801624834,358
"359",-723.62156380302,-1340.87978845555,-1632.0641899414,86.3559515193419,1.5734105258753,359
"360",-624.512019244432,-1295.10869304679,-1607.71900006537,88.9682503775445,1.49361734069623,360
"361",-461.059489587898,-1226.564085347,-1567.69420556004,87.8342623128534,1.17981789547087,361
"362",-617.64650665354,-1303.58781591372,-1604.51530601377,83.738324499007,1.11961102889715,362
"363",-855.534321786894,-1411.10408087681,-1659.45185938604,77.3030384149352,1.1923107418796,363
"364",-963.469956949654,-1461.34920762434,-1680.75847702029,67.8152765303079,1.0148619391189,364
"365",-953.524637509621,-1452.86324610735,-1677.81861776096,68.9151277085136,1.06434169073162,365
"366",-1079.06376775207,-1511.74123936072,-1697.30930072817,56.8037263355942,0.702796884900053,366
"367",-1306.49438857219,-1620.06738483583,-1733.60805592184,9.20797554703064,0.13467245096037,367
"368",-1290.17809722277,-1609.36858727427,-1730.99513437217,9.25264909507669,0.135535911789088,368
"369",-1022.69131787466,-1482.45788967501,-1684.15919791037,20.0607875664483,0.328434414881091,369
"370",-591.181458216767,-1268.68974949784,-1592.1308966011,90.8432051784709,1.33915196782327,370
"371",-596.497652019044,-1271.46190390544,-1594.59768131741,91.2364552594118,1.36338387893894,371
"372",-685.274641306934,-1324.29280639794,-1617.79228487472,82.8841938763899,1.15857577548883,372
"373",-709.137819359296,-1339.9111469697,-1624.92097339663,81.8893313799109,1.10360272529448,373
"374",-808.186771792184,-1386.08651889824,-1648.6387938855,79.6798404275692,1.1490946788052,374
"375",-848.238148413016,-1406.20717110918,-1658.16520310433,76.464105126819,1.10693904298169,375
"376",-860.62545277936,-1413.54688802223,-1660.72348828115,75.1484170589286,1.06229102830424,376
"377",-1001.24786064216,-1480.84654465954,-1685.76633082084,62.1333028125877,0.735697743155136,377
"378",-987.596375327468,-1472.6115899694,-1681.05599093762,62.3313522933074,0.701497186910082,378
"379",-686.007220319354,-1319.18658076315,-1616.20943647616,84.5929827351967,1.1985889314893,379
"380",-778.276459668484,-1364.84385714396,-1635.76746048537,79.5747012856245,1.11430382309963,380
"381",-627.459782750788,-1286.12418905229,-1591.79529086617,32.5993925699095,0.488800973275346,381
"382",-680.852847971492,-1310.85701702457,-1602.68931257223,31.6597723984179,0.486305405979859,382
"383",-675.206341384129,-1416.31878039345,-1644.34084847862,24.2524460252886,0.3717580554618,383
"384",-583.905271882304,-1399.15249182754,-1636.68789617737,25.5279241897531,0.379214642663893,384
"385",-257.028941622374,-1277.65926482437,-1578.46738281399,30.4227913574375,0.418813986396273,385
"386",-311.433029936937,-1311.92838427975,-1596.62513800366,30.5951350026241,0.446973293200905,386
"387",-424.959035544234,-1358.67689455456,-1619.26147730122,28.9176603300216,0.435901080150018,387
"388",-550.723798227004,-1396.12245001934,-1636.19569856548,26.2901108147042,0.40220098427552,388
"389",-960.453266713526,-1482.91250614322,-1672.67940961446,18.1868868000471,0.271236341631848,389
"390",-1339.23665848546,-1612.32506812579,-1725.71912609326,8.31163887200226,0.0842294724391621,390
"391",-1544.26151671872,-1694.45507254233,-1753.68415678508,4.39566710235633,0.00482338504589563,391
"392",-1352.46421081054,-1618.88249549738,-1726.97535188185,7.87797374078023,0.0673559109424033,392
"393",-376.972549596945,-1343.45895336934,-1609.55154900448,27.2171772617209,0.319538623867068,393
"394",-116.135483146741,-1232.07818638154,-1557.94369342563,31.9608362476187,0.366999999983071,394
"395",-448.211961420825,-1200.74780333257,-1551.35456987537,35.871177471081,0.420132718736426,395
"396",-329.613008692112,-1138.93248258291,-1522.17892841874,85.2059534246805,0.929371988132466,396
"397",-820.498508099433,-1406.45091465767,-1652.5852736441,67.0329040895947,0.610875428279179,397
"398",-810.572278811739,-1400.32268361842,-1654.96420831898,72.9522310114059,0.778491682440993,398
"399",-892.342869708137,-1441.44667737595,-1674.25893060498,67.5217655362219,0.734356528295063,399
"400",-1094.64546372718,-1535.25255035841,-1709.38565550904,52.2726037447744,0.421673146724419,400
"401",-843.218934653118,-1418.48917276699,-1667.44102950333,71.5411079069054,0.829589095835878,401
"402",-712.238599405573,-1337.39881513553,-1637.91581999223,85.3858131336939,1.21321187887778,402
"403",-778.910937315052,-1373.69562880397,-1650.42970641495,79.1498330451051,1.09008756918034,403
"404",-752.149360012475,-1356.44296457383,-1643.0356837957,82.3328490349072,1.15824966261987,404
"405",-775.121442533099,-1371.36803319032,-1638.508792875,74.4394996846557,0.905723225155551,405
"406",-1059.64864051783,-1503.36620442361,-1690.62131410148,51.7883325983971,0.391688274194919,406
"407",-537.528592538923,-1429.76991348661,-1654.50542758588,65.2855379048668,0.574108153902433,407
"408",-138.433033164503,-1286.06856916379,-1587.71344566332,30.2055875295044,0.277693733405655,408
"409",-109.112561916752,-1261.64590054452,-1574.45613914134,29.4019388444213,0.247721402398685,409
"410",-3.08451306893935,-1195.00234927075,-1541.73804058783,31.7492614298763,0.256836363125366,410
"411",64.1514338947485,-1116.35279565262,-1501.27647524976,34.0371389155013,0.254669252714665,411
"412",-1.86523807752692,-1183.48517534948,-1537.76355513332,33.6930541602491,0.275165880099469,412
"413",-191.384113891386,-1302.79712143817,-1594.86213482934,30.8321146492406,0.264056492331517,413
"414",-449.476353214313,-1394.06943049734,-1636.50880108563,26.2869035570244,0.206068077159305,414
"415",-603.525373502048,-1427.64480041478,-1649.9732871007,23.1404152494303,0.151474083982489,415
"416",-775.407454672361,-1460.699174785,-1662.87488011726,20.1382246802431,0.108734576458239,416
"417",-1054.58140314625,-1513.95446615652,-1683.37168571203,15.6047675949896,0.0466322946716424,417
"418",-1267.37144914647,-1581.39429185199,-1707.01559045559,9.84136762712397,0.00636360940595537,418
"419",-1458.61632144992,-1654.72689453762,-1736.23675553324,5.0034963128437,0,419
"420",-1263.59371894684,-1579.0850173688,-1705.98634692925,9.27175079023469,0.00267565147186843,420
"421",-890.622080334103,-1476.42856978219,-1665.17952925443,16.8788485203688,0.0260741708448116,421
"422",-781.041092397571,-1448.59284279109,-1652.77235727061,18.4090432503984,0.0305407158120907,422
"423",-594.649321826786,-1399.70602334492,-1631.32497070523,21.1343982101504,0.0438725947889722,423
"424",-541.271045447606,-1387.11772040972,-1626.28439077659,22.0272485274623,0.0499865697945516,424
"425",-462.883263877282,-1366.56144725597,-1618.03758899338,23.5282034720104,0.0587253858218695,425
"426",-522.471697121138,-1383.51155568592,-1624.99778432045,22.9409347016637,0.0453944784590625,426
"427",-617.412220983512,-1390.78285346952,-1623.46087817594,19.8403318825311,0.0141009462260087,427
"428",-1278.11826644422,-1584.01893599804,-1703.23117055482,9.06713814057318,0,428
"429",-1573.83398085065,-1703.74158472302,-1752.90437072594,2.6035548657843,0,429
"430",-1059.00344569454,-1510.87478248138,-1679.18585675969,14.6394206507758,0.00179467254529442,430
"431",-750.968251184274,-1452.40074109041,-1656.13375494434,19.1296389202811,0.0075044637016255,431
"432",-138.524962276842,-1240.70204294062,-1559.94828714358,28.1447779389168,0.0385359286400725,432
"433",-351.606213675569,-1350.01821337101,-1614.28051490138,23.9530691148481,0.0198695134968929,433
"434",-281.613253021298,-1347.05433980702,-1617.17853957052,25.2659697615664,0.0284190262283026,434
"435",-309.070778995853,-1379.31825877725,-1635.81078158722,25.7666095713418,0.0362394441731446,435
"436",-161.369291936395,-1342.0984166917,-1624.00240725241,76.8502242189793,0.23420820133461,436
"437",-351.728215437118,-1408.57575856257,-1655.42066464339,66.845252917939,0.172764953689548,437
"438",-468.301246619737,-1445.90122314513,-1673.55119088422,59.9412111963572,0.137269203615276,438
"439",-339.7290406259,-1423.2362664231,-1665.19334752142,63.4895065130795,0.174155046506421,439
"440",-812.114032288417,-1409.85292464634,-1674.60013850335,68.7565398385285,0.271024010994374,440
"441",-104.210265222594,-1208.89736636519,-1597.54283550886,83.1380244659052,0.428870892714933,441
"442",-267.898323918057,-1246.56073322736,-1621.34418932255,83.3476802129006,0.547997850252468,442
"443",-305.9089383319,-1210.85010161631,-1611.01569281786,92.5917405782698,0.88147651234992,443
"444",-376.11094848138,-1214.55255926812,-1614.09819010282,93.9798805538061,1.03520711348684,444
"445",-533.065691161027,-1286.75525608008,-1642.36454513709,85.7910657279512,0.928820075705683,445
"446",-679.287268383693,-1380.62549542544,-1676.62929012053,74.7337266460179,0.728963190177719,446
"447",-1047.419822393,-1540.76332901728,-1729.20438775826,48.8883201940341,0.254362476101708,447
"448",-739.3848419462,-1417.69150819143,-1687.49138379928,67.1661126669071,0.643857163096882,448
"449",-641.180855025785,-1367.5087520225,-1672.24733778353,128.152844830235,1.506768470099,449
"450",-1007.27305633446,-1524.63163889995,-1722.94881072874,50.5745561630819,0.321910077197511,450
"451",-750.914180181551,-1429.31310276523,-1690.75867183739,116.424018120052,1.29116610002758,451
"452",-678.574783966116,-1403.14155662195,-1682.46234999041,122.347071239332,1.32287774104657,452
"453",-807.336256621093,-1461.70479896836,-1700.56498027514,109.696910531333,0.926653442770252,453
"454",-724.150602267499,-1412.65005745591,-1685.18799020056,69.2415196848074,0.589065168587254,454
"455",-860.483898407773,-1465.72260860242,-1701.24330556293,59.9059006920818,0.400886408478826,455
"456",-399.056523830874,-899.306105511631,-1405.09816169637,377.368114947053,24.7145227361713,456
"457",-404.823043788542,-904.38108760474,-1407.61854261171,375.444718810244,24.4956493571973,457
"458",-361.45459145642,-877.03124915947,-1391.99532682362,384.213129990035,25.4108838779867,458
"459",-392.357613206495,-898.005021283734,-1403.09815920085,377.791644085101,24.7115436470866,459
"460",-459.350936396471,-947.422654211668,-1430.19133992274,361.513092746183,23.0039626326345,460
"461",-389.856987231024,-901.535412100314,-1405.02565983011,376.592252452135,24.5369854852556,461
"462",-431.325095849292,-935.37378157801,-1423.5238161478,365.290827936561,23.3698587346131,462
"463",-453.5138401629,-956.158874005631,-1434.37053737063,357.23247917839,22.5648928504757,463
"464",-395.493046795478,-916.453230874331,-1413.09517598146,367.689107298319,23.6477892796545,464
"465",-447.26167418502,-952.710313928307,-1431.04909676871,356.375031797518,22.4885477917395,465
"466",-441.471964776904,-944.328369962334,-1425.58998591174,359.536893458106,22.7879053923621,466
"467",-371.715397364316,-896.024607074924,-1399.0161140058,375.381485727431,24.4439926515988,467
"468",-408.320336228359,-918.47829132011,-1410.21057048757,369.730033894352,23.8542186881631,468
"469",-424.686742345935,-931.317140934042,-1417.65821076779,365.432345070818,23.4131933289083,469
"470",-355.272580720734,-890.299715967215,-1397.36665456209,375.367572748972,24.4827290428362,470
"471",-376.995897891488,-904.251272660765,-1404.8593260981,371.979438445003,24.1220329699643,471
"472",-458.05332410512,-958.175121821702,-1432.82687280983,358.252353760098,22.7150648688925,472
"473",-468.70496091087,-969.5540451368,-1439.23862336818,356.018569376612,22.5552218569679,473
"474",-412.936150005811,-930.196189260125,-1418.75983709522,370.0105372897,24.0666682762642,474
"475",-427.136622175313,-939.786635278489,-1423.20718307702,368.728588507566,23.9919801117218,475
"476",-435.427165071062,-939.481477952475,-1421.88466854302,370.387815424998,24.1569026374397,476
"477",-404.618976156021,-922.165036274676,-1413.46046171805,374.679223461916,24.6668599900896,477
"478",-381.543229401633,-913.737546598577,-1410.65804065961,374.634045304602,24.7226277505611,478
"479",-381.271743106553,-914.19587529478,-1411.09650384177,374.23518294464,24.6571378227013,479
"480",-403.032348994182,-921.089973492019,-1411.8776391258,375.901188673264,24.8003350042857,480
"481",-465.298358840474,-969.653956980428,-1437.82440067146,359.485799625889,23.1151320256618,481
"482",-397.031806036031,-928.215600393941,-1417.79680852314,367.512806145678,24.0079707773067,482
"483",-339.704481122409,-892.167277476147,-1399.81778402166,373.734615108123,24.6805208276752,483
"484",-332.991392750757,-893.393403856655,-1401.69282337916,370.387543966883,24.3403808661519,484
"485",-377.834486366333,-905.951412232848,-1404.22349653995,373.2975975389,24.5718577286369,485
"486",-403.263261034333,-937.026591194264,-1423.80112577504,361.365079866673,23.4184629245419,486
"487",-402.667093398349,-930.110058491423,-1418.85088859373,367.03259712025,24.0126759529859,487
"488",-407.661737285278,-932.946992059995,-1421.05408899378,366.442274545322,23.9692136762685,488
"489",-432.214937365915,-950.196383769375,-1430.78559730021,361.178969916838,23.4359201135499,489
"490",-364.466414218331,-894.425020047608,-1401.56329630964,379.089104762484,25.2401507142075,490
"491",-372.028150943834,-898.280912820465,-1405.30484195979,378.565937592873,25.1704407790252,491
"492",-426.546056037783,-942.542883792159,-1431.04340973127,365.046409916836,23.799657096204,492
"493",-528.461448322851,-1036.44289332513,-1476.76949596478,338.903436634517,21.3013219894293,493
"494",-380.236268167408,-977.621408328162,-1455.33493729113,350.096828589955,21.9017656348829,494
"495",-367.168578932448,-963.499233478311,-1448.71230295851,356.722688976277,22.4769130305852,495
"496",-502.769072605072,-1015.15476645679,-1467.67633118301,349.539607626473,22.3567675941925,496
"497",-652.166999546281,-1150.28266656212,-1530.62181395513,311.196558533503,18.648071287493,497
"498",-750.658749361985,-1258.7369839003,-1580.06310647487,269.821991912123,14.9568730447531,498
"499",-604.134679390043,-1117.84767218284,-1514.31726491719,315.512738841119,19.026248731884,499
"500",-364.093785848377,-899.133643965971,-1403.94941542295,382.68307425731,25.5402430995854,500
"501",-421.336897819214,-963.786869036982,-1437.33189636779,359.047719302746,23.2527193544275,501
"502",-566.86962917178,-1100.48336390239,-1504.70965910469,317.918187918427,19.2843436159887,502
"503",-381.975234542894,-957.495146948857,-1432.46023547964,355.363692484233,22.8659462601512,503
"504",-464.295204684117,-1020.94831145847,-1459.40707332817,337.961135965697,21.0840007201808,504
"505",-582.887553676975,-1099.53190916471,-1507.8047567026,305.26486529418,17.9237525552038,505
"506",-441.608858457012,-1019.52585546604,-1461.97989037825,324.157776890254,19.7079148412292,506
"507",-354.226943884597,-947.822034787284,-1419.13651778787,347.858694064003,21.8598046876151,507
"508",-435.702961581066,-980.943080827662,-1434.49538259148,342.255451124326,21.1324069809863,508
"509",-463.77418983873,-987.629227210922,-1438.03790258975,342.370587267939,21.027197477557,509
"510",-458.592437477205,-982.673197649935,-1434.97947085694,344.909354413854,21.2227257241067,510
"511",-443.781798512667,-974.319317093455,-1429.93297550226,348.146053994663,21.5100718079979,511
"512",-420.68141090502,-964.683023532347,-1424.07643794943,351.684590182368,21.8858379768479,512
"513",-446.597889375964,-985.62032773147,-1440.04863742548,341.95990409637,20.9923810429267,513
"514",-396.629107248678,-956.442211656909,-1419.74190002246,354.513896771041,22.2189821730338,514
"515",-442.659397465493,-975.403985883581,-1431.30944667592,351.012190807549,21.8450913223295,515
"516",-458.948011090734,-987.122630737534,-1439.71760063628,346.884456147816,21.4779810457546,516
"517",-578.771899731626,-1070.59412160055,-1494.06355647626,316.250929627227,18.5669931088187,517
"518",-723.819503551712,-1204.83795369954,-1557.37363970932,266.633127043161,14.4201291818578,518
"519",-663.301177100304,-1147.31789091024,-1533.04304483071,292.206552353062,16.4855642409817,519
"520",-460.229530407205,-1002.52577311553,-1451.13467475143,346.237603165407,21.6196447370171,520
"521",-500.239123715918,-1028.81660880768,-1468.44861109656,336.118465672214,20.7049440376417,521
"522",-526.697000895477,-1047.92289574824,-1480.60929415817,329.390138033961,20.0885077392996,522
"523",-631.881600379869,-1137.2432046627,-1531.57214776026,295.962767023681,17.0816611343203,523
"524",-519.802081338658,-1067.88138361474,-1494.8552240311,316.107043594796,19.007069431961,524
"525",-446.058622122164,-1027.49860932777,-1471.61356574908,324.25802995791,19.8142802821563,525
"526",-388.654220629844,-1007.01221845409,-1461.16813778804,324.656402249631,19.9361612194655,526
"527",-456.590332271723,-1078.4636882957,-1505.38647404592,294.864404372526,17.3070153276788,527
"528",-466.999208378773,-1072.50213195785,-1501.59785724528,299.236408810276,17.7101445096149,528
"529",-427.989730033073,-1054.26831416177,-1492.03909511725,303.423327937192,18.1048491628534,529
"530",-364.209574793968,-1013.65161189352,-1468.84367825898,318.780962214017,19.2214001314275,530
"531",-443.140022308329,-1039.27754818705,-1482.05124150051,313.58771941696,18.984802892873,531
"532",-491.232841484107,-1087.02843887065,-1511.12916166185,295.262385086186,17.3768622310358,532
"533",-423.328146857161,-1040.34576184923,-1484.55084751714,310.475048916222,18.7166711678794,533
"534",-367.282495451045,-1004.08975271113,-1462.9688078285,326.388859633434,19.9041931961394,534
"535",-502.085192530278,-1073.67852753373,-1502.52137720579,307.953546132789,18.3848876856872,535
"536",-669.810510769503,-1186.2620933046,-1555.96513737825,273.961423052846,15.3214917759858,536
"537",-659.548326433933,-1174.73567118184,-1550.44029522576,279.151431676118,15.7185490114753,537
"538",-587.396424983158,-1102.94832860955,-1517.39965658061,306.974147263543,18.1467924515343,538
"539",-787.033526790365,-1272.27259291671,-1587.73073343613,251.664637167463,13.232073061171,539
"540",-975.286244742344,-1419.97074586196,-1647.23571562422,193.613206784762,10.1769761800428,540
"541",-949.997445410517,-1401.29658974229,-1639.48191579466,204.369543793975,10.6213443474852,541
"542",-959.783404100146,-1407.9168487658,-1642.19219079075,198.302744227071,10.3383062263691,542
"543",-862.246599452292,-1330.06010923159,-1610.38830550814,225.816307091323,11.8090920312542,543
"544",-792.596496211239,-1275.3489840375,-1587.87426089607,242.626892623408,12.5674347462437,544
"545",-857.849765849704,-1323.78251122303,-1607.42096387166,221.373185013412,11.5616282672048,545
"546",-843.06436518199,-1306.75525618683,-1600.05819988518,223.420646633669,11.7650090805077,546
"547",-839.725205005202,-1306.44226107873,-1600.29418833034,221.291687441786,11.5128516553368,547
"548",-571.320799762351,-1068.97585587,-1497.06147828135,305.911120435503,17.5877276986414,548
"549",-949.269902364826,-1401.77886654908,-1639.83708452896,190.686286239928,9.54312750085863,549
"550",-978.803020315971,-1423.23353163111,-1648.72035114508,183.338085230598,9.28629017925906,550
"551",-787.326368244514,-1271.73274456736,-1587.1589497956,242.947831474735,12.1699044333737,551
"552",-977.265552374387,-1427.49590955018,-1651.32370873504,192.018759523392,9.31637501760034,552
"553",-828.877948601581,-1313.56261948564,-1604.94166136459,231.204772029067,11.3951649291621,553
"554",-786.698059621842,-1273.82869683022,-1588.20356635042,243.9703831664,12.151793235138,554
"555",-483.547474074132,-1057.98155288646,-1499.4681836595,301.558361051852,17.1161896752001,555
"556",-461.982339502795,-1029.57936189851,-1483.69990705873,311.313505283383,17.90857972499,556
"557",-463.678170352049,-1006.7403972488,-1467.04045495598,323.41482427984,18.8790987015897,557
"558",-563.353654603247,-1057.78165938267,-1489.84048116942,312.042106184647,17.605946972091,558
"559",-559.952418940169,-1054.86116207464,-1488.31331191417,312.224667862374,17.5671119725171,559
"560",-639.250920753315,-1116.07707225945,-1516.46866258755,288.593744372613,15.4517008770882,560
"561",-620.406383017333,-1104.19668626691,-1511.96695973334,291.21523144678,15.6349845836688,561
"562",-581.020681110953,-1077.66943859192,-1500.62997496754,297.98855788145,16.2207333923716,562
"563",-669.845326589076,-1149.52169805805,-1532.39320593408,272.298796309516,14.2526481278918,563
"564",-694.781293062723,-1172.89233598366,-1541.94904937895,262.276081555372,13.8881336556737,564
"565",-643.288432653373,-1122.29779796609,-1519.49136795358,281.87519302368,14.91308862618,565
"566",-614.055815336983,-1095.58438894551,-1506.84898798833,292.241409436995,15.5852112211693,566
"567",-617.030929010315,-1099.81054856369,-1509.13977628208,290.655305332878,15.4361125893096,567
"568",-551.776589151077,-1054.21714354382,-1488.83208764483,306.976243556984,16.8275379521383,568
"569",-490.539418266175,-1012.8047565702,-1469.43581168398,321.833134334944,18.2164931717966,569
"570",-457.285597925005,-995.714145475449,-1462.17654413177,325.68603934664,18.5707386744589,570
"571",-434.177994922297,-982.803018024367,-1455.63569913558,328.582378564071,18.8234295674247,571
"572",-469.184704475185,-1005.68944739651,-1467.71360079124,320.51456790087,18.0556737287302,572
"573",-429.800108202509,-980.35185586824,-1454.95963865023,328.79759945881,18.7490270820893,573
"574",-416.548092876581,-974.658039388015,-1452.6037976821,329.726363424655,18.764499843262,574
"575",-452.969722798739,-996.500972960517,-1463.74771200271,323.952699396314,18.131610326995,575
"576",-498.756489653225,-1032.30778337492,-1482.55642041878,310.622174309488,16.8262801537936,576
"577",-594.650148651909,-1103.47527265401,-1515.54645703818,287.11391017901,14.6351396390655,577
"578",-728.936502811511,-1216.87723595459,-1563.17436088736,248.741919171769,12.6895170990662,578
"579",-736.884551233992,-1226.25199058671,-1567.74952072594,244.431796272751,12.3661268995585,579
"580",-668.026232567695,-1166.65247889328,-1544.14846211052,263.965039720494,13.0797125712259,580
"581",-700.633301697053,-1193.18370202658,-1554.40369283247,253.908636528534,12.7588564903278,581
"582",-785.408311979781,-1271.84253216136,-1588.84809383585,224.049235821342,11.0109506169657,582
"583",-688.966166202744,-1185.69804802941,-1553.22894469133,253.493104107675,12.3124187302935,583
"584",-657.728741413955,-1153.32302695191,-1538.84005056667,263.128964105792,12.9197322461666,584
"585",-650.817363270673,-1148.59802438381,-1537.81646971589,262.943524829476,12.7563661183008,585
"586",-573.200361127359,-1088.56475320831,-1514.28170602341,279.058330387702,13.2964005700197,586
"587",-572.512549271223,-1093.91602207628,-1518.78339213801,273.107339999282,12.6879345683602,587
"588",-559.844778582873,-1081.56007392066,-1513.29076511919,276.481141109606,12.8591366990955,588
"589",-539.486177332536,-1066.11854708561,-1506.70256607824,280.895865042709,13.0155682209192,589
"590",-479.760990804942,-1027.27029276961,-1490.27010861142,292.049882199913,13.3447217616581,590
"591",-531.634012165085,-1069.73268145218,-1511.25501850493,277.191392820116,12.4249699434145,591
"592",-538.162869968251,-1076.54083691934,-1514.98366621923,276.086700657905,12.2819525321693,592
"593",-509.463569294555,-1053.94285767231,-1504.95589754192,284.933372781597,12.7333456887811,593
"594",-485.942679822552,-1040.23957321751,-1499.17183168031,288.086200417569,12.7797930581977,594
"595",-411.609571334362,-997.925641321001,-1480.89443431171,295.372133212044,12.8664489980434,595
"596",-536.441360777292,-1089.66636325799,-1523.57042061638,266.506423555815,11.3595397584815,596
"597",-669.921036214948,-1190.78720986288,-1564.18290572832,237.191922924861,10.1846090055346,597
"598",-636.419026058923,-1152.97877439892,-1546.36943223885,250.674831579741,11.1113340820828,598
"599",-591.677477125674,-1117.16030528664,-1531.87174919132,261.076198576903,11.5600638423569,599
"600",-534.003462490832,-1077.03507053716,-1516.42695857984,273.337502121437,11.9331507478743,600
"601",-537.686324763755,-1085.71319705238,-1521.94851333756,270.77952410565,11.6504186373162,601
"602",-521.413212677972,-1076.3755246178,-1518.35085721865,276.778663601441,11.8411677130526,602
"603",-456.492261576539,-1035.80337438931,-1501.35866016647,288.81685708505,12.2047250554109,603
"604",-469.20556996211,-1048.91457886362,-1508.27281045259,284.352996670513,11.8480053841669,604
"605",-577.08486487998,-1132.82947162421,-1545.99799176299,258.778925191529,10.5021722668149,605
"606",-688.428509040546,-1229.15417463117,-1585.08634369576,229.06136837658,9.07693812824932,606
"607",-555.525896371414,-1110.05913059762,-1535.68134661954,262.64218565158,10.7254172434916,607
"608",-515.804310809886,-1077.30578078147,-1520.95211782948,270.578806303691,11.093628170052,608
"609",-504.905412366417,-1069.3815655222,-1517.7337571727,270.454561482942,11.0016413856987,609
"610",-603.875619958018,-1144.58372344475,-1549.07470222982,246.882275001023,9.95881208049299,610
"611",-614.536674703027,-1155.31599501259,-1554.19502952996,241.50342166267,9.58990883969161,611
"612",-497.233172683906,-1063.81902917619,-1516.61002717776,267.919949106405,10.6137642630794,612
"613",-414.483431246342,-1015.34916615509,-1496.54905512212,278.544954265334,10.7412786915417,613
"614",-463.890798042572,-1048.15562542009,-1512.05750845022,270.562765482685,10.3213657718562,614
"615",-539.919869141927,-1103.20497059525,-1536.60124833456,255.444798753269,9.60908886759169,615
"616",-645.90181105025,-1191.8989159683,-1573.22504653807,228.968541181844,8.39410057395125,616
"617",-655.979370787359,-1196.98122467074,-1574.54691951689,228.323419082063,8.43064103077669,617
"618",-675.164797954356,-1217.0582682416,-1583.56909704261,221.550015480732,8.02832991484178,618
"619",-596.701289643487,-1153.29642561054,-1558.43963045136,240.219717722138,8.69973760053668,619
"620",-573.223361118432,-1134.09134067949,-1550.70327598918,245.464110563917,8.89227096477113,620
"621",-479.765407467748,-1066.14989358739,-1522.64929276888,264.230410521756,9.55237586263958,621
"622",-429.484769660586,-1035.78704445968,-1509.47708937526,270.782243609976,9.73320075536142,622
"623",-508.054591666897,-1091.89492288653,-1534.11666963101,255.617743992917,9.1173456684376,623
"624",-488.529851498291,-1075.01930764243,-1526.151345175,261.541638372255,9.43550437885244,624
"625",-439.339921749679,-1044.57851010954,-1513.21375739726,269.259941320762,9.66635714002933,625
"626",-497.207605550096,-1077.98441247753,-1527.10588553508,264.108846204514,9.6407236780974,626
"627",-581.99507611557,-1142.27532204357,-1553.49561007092,246.85993929099,8.97335680829487,627
"628",-667.633007406684,-1212.80615411569,-1581.72307896591,226.618094070263,8.14332799337198,628
"629",-618.917657591774,-1175.30659200138,-1567.43454258212,236.727587132353,8.45947518533338,629
"630",-646.424351063766,-1200.98764745117,-1577.81463016426,228.849637988361,8.07809933423182,630
"631",-691.876878064334,-1237.67034418687,-1591.82104695927,216.581553193201,7.71992368359743,631
"632",-682.379264258314,-1228.94848571588,-1588.03025680358,218.577864050441,7.79059606444716,632
"633",-658.423576903854,-1207.48955555735,-1579.23814674015,224.57518782944,8.00120800843702,633
"634",-508.372628706458,-1086.40626664219,-1529.66098114096,258.300575163781,9.38547823873254,634
"635",-483.933591605325,-1069.70289427157,-1522.26780503765,261.369111009004,9.48852491038681,635
"636",-435.373753393061,-1038.5949235637,-1508.62426168963,268.176243415979,9.70338692726769,636
"637",-463.734372052142,-1059.90285948632,-1518.17713604802,263.707866481737,9.5232209253361,637
"638",-467.269904274354,-1067.71573123968,-1522.21724752435,261.763138071683,9.37037979734956,638
"639",-435.992304223651,-1044.3799441941,-1511.34149443425,270.849216550555,9.84102955975359,639
"640",-516.77250642001,-1091.60996630823,-1530.87941181617,261.675119635834,9.70319334243797,640
"641",-545.50428862322,-1116.19095115812,-1541.57238989978,253.432795539714,9.32968426993353,641
"642",-510.286236320057,-1090.76937969883,-1530.64443802625,261.282405264732,9.63803647631218,642
"643",-571.764079594259,-1135.53376101785,-1549.2622195686,248.915461447457,9.15731603575658,643
"644",-593.53743064919,-1158.67013254365,-1559.20604874054,242.004154167554,8.76252191851978,644
"645",-638.999217054354,-1202.42587662925,-1577.47789016914,227.966433815345,8.02022474059191,645
"646",-650.745167082412,-1206.17512917067,-1578.50047055984,227.240059680517,8.06858855953075,646
"647",-680.258078290588,-1230.92226034477,-1588.37868383387,219.805026334777,7.75119290169955,647
"648",-722.807219193549,-1275.89132224306,-1607.35063787558,204.44390022271,6.93917060709105,648
"649",-665.08521950008,-1219.92211885884,-1584.81725685352,220.204660345832,7.64015482591091,649
"650",-530.888918253419,-1116.04157997782,-1544.39431742129,245.939781373595,8.49238750578695,650
"651",-545.7547272038,-1125.76049657218,-1549.3250422217,242.210364763389,8.30517426489095,651
"652",-575.365788713536,-1147.23389179169,-1558.3127391639,235.83325599912,8.02767849380606,652
"653",-569.471527635635,-1141.36351403522,-1555.92126638073,236.953912567769,8.05323910359541,653
"654",-599.598001409935,-1168.55456750269,-1567.56993897808,227.179668838389,7.56868158681523,654
"655",-602.058316339422,-1169.52787955431,-1568.02223329184,226.624872091409,7.54307922062853,655
"656",-536.86357778637,-1118.82336456152,-1548.48038588975,239.91649132277,7.98167438885228,656
"657",-589.984557847457,-1171.22836472436,-1571.54737441659,224.081769102009,7.12499368835958,657
"658",-481.731698033397,-1098.62529512221,-1541.75756595592,241.316631205345,7.63932526025112,658
"659",-496.130209006767,-1103.27950409457,-1542.81403700987,243.747475403693,7.82730004926788,659
"660",-537.303650471726,-1131.43153040921,-1553.99809533849,239.476848223095,7.69612652694643,660
"661",-652.241550899199,-1223.49711909402,-1590.93267902992,213.258511381673,6.66660102606872,661
"662",-544.142584004138,-1141.28996693963,-1558.78114021904,231.040659762294,7.16431901010986,662
"663",-492.063743785931,-1109.77439185589,-1546.32505989153,233.485852231953,7.05661197289577,663
"664",-545.011005833611,-1140.05471568614,-1558.59555825025,226.359015415557,6.87238597560448,664
"665",-522.586974761395,-1122.83000220075,-1551.62755025961,228.295742162589,6.8621738410883,665
"666",-476.217197305165,-1090.21689781264,-1538.26889988217,233.769655912985,6.93712136186482,666
"667",-539.799753076832,-1135.77163943186,-1557.80584939616,221.591194871505,6.4438311705228,667
"668",-513.18910214999,-1117.26400012641,-1550.50006394742,225.625985268516,6.51925139537918,668
"669",-530.297415282782,-1128.13765951414,-1555.33735631502,223.338323869152,6.41736053077026,669
"670",-567.416640351981,-1155.00738501047,-1566.23400635546,217.741866464268,6.22793210058298,670
"671",-582.028626421007,-1168.09171625097,-1571.25509987955,215.971297444284,6.14988566064454,671
"672",-592.600581268746,-1178.94032488685,-1575.63434935563,214.788823194703,6.07721004460827,672
"673",-543.198502621388,-1141.1415658546,-1560.2472775253,226.30482342628,6.5012703790737,673
"674",-494.463158422125,-1111.78841993005,-1548.86033537396,232.577827586864,6.62886145116145,674
"675",-492.608494385664,-1107.84038415983,-1547.39820872624,235.674377422823,6.80600104734345,675
"676",-526.75098790812,-1135.57195904531,-1559.2982468444,229.95606205539,6.60557919995344,676
"677",-562.722046894028,-1166.92525348333,-1572.52784504001,223.752746908017,6.324771055124,677
"678",-599.043426930452,-1191.06926822775,-1581.82030666726,220.683327847152,6.32065289168544,678
"679",-667.179561279527,-1249.58470627948,-1605.0516675996,205.821262105808,5.7623717022377,679
"680",-660.906255450788,-1238.6900416297,-1600.33556162634,210.032844545349,6.01012500296076,680
"681",-610.274038280956,-1205.25631463066,-1588.3950219721,217.11295448238,6.10879250282756,681
"682",-673.154181111472,-1281.87506527843,-1621.39202102422,190.997897108235,4.72164812989927,682
"683",-688.205145686108,-1286.81976895971,-1622.77589576866,196.215143132218,5.0666526399935,683
"684",-696.96472099671,-1286.33058121754,-1621.91764227322,200.51431664222,5.3600820657608,684
"685",-817.762610589876,-1383.34064795727,-1661.45965424406,172.709868559586,4.3182854510158,685
"686",-839.826869339033,-1394.72797565385,-1667.28988274559,164.017660307142,4.03866540410154,686
"687",-832.705584148976,-1392.16873177202,-1666.10312354824,161.060595882146,3.85536927815905,687
"688",-611.800518166695,-1203.48526363467,-1587.66552645844,215.854347542962,5.96059259425638,688
"689",-444.069147624491,-1096.29314546797,-1545.36182771794,239.999919700427,6.45976112515971,689
"690",-486.284889074532,-1146.54212208554,-1567.62200908933,225.316411657708,5.67237932459085,690
"691",-501.526831147483,-1157.21947847296,-1572.50495478023,228.328392240656,5.76942172579494,691
"692",-590.779573090024,-1230.98846340375,-1603.30732277365,212.685141891626,5.11519224142531,692
"693",-752.888120309839,-1349.09005944855,-1649.63944309609,188.53951970471,4.46749050167682,693
"694",-671.763245824225,-1278.88650341314,-1621.63146868725,210.624636010284,5.31459930623363,694
"695",-486.94965944609,-1145.47651097698,-1569.2221734483,241.248731223723,6.10113481472348,695
"696",-448.268315778793,-1116.55125641489,-1558.46738985611,249.405523170223,6.18984435210534,696
"697",-766.841270350786,-1385.72589270884,-1658.84485229786,174.548156315063,3.11696916979534,697
"698",-927.14955051716,-1465.80036944606,-1692.3603162992,146.038696550177,2.38586952078505,698
"699",-697.468012689866,-1310.44256527262,-1639.71304819491,198.218510046022,4.09027312705206,699
"700",-732.850354083552,-1347.90103062046,-1655.90182902973,184.336529401454,3.42551947455022,700
"701",-795.645528390424,-1395.87158366725,-1672.69751028968,162.509957815308,2.52653768549429,701
"702",-718.839325576939,-1346.40923089978,-1655.31899190891,152.385991688457,2.70632984129018,702
"703",-502.220373902232,-1157.58723337701,-1582.82785695591,220.004405306475,4.13285160194408,703
"704",-553.990479211802,-1201.39739220424,-1601.5803397471,179.189781678653,3.60844849101837,704
"705",-517.246062130213,-1170.06196488236,-1589.60720597352,185.203900620089,3.77399916540342,705
"706",-544.331224757531,-1193.27616456025,-1599.91040008557,179.84376001379,3.48895529184041,706
"707",-499.586495102163,-1165.59142756016,-1589.71238279055,183.789951635496,3.49522060793822,707
"708",-498.154590852414,-1164.81999882403,-1589.66198754373,183.92562976978,3.49398096519495,708
"709",-539.491797681177,-1191.42402476373,-1600.16985476329,179.829584690184,3.43843927295978,709
"710",-566.401267692594,-1212.60923181714,-1608.65368069557,176.151088251145,3.32433123117092,710
"711",-568.785849695626,-1219.08316974476,-1611.45106441068,174.874876503698,3.23140963257793,711
"712",-514.604156486086,-1188.14928944686,-1599.56882022297,179.513341336454,3.24032474040431,712
"713",-522.273510871941,-1190.74546547213,-1599.83695783406,180.230248648792,3.35670531524246,713
"714",-560.85190199178,-1215.44727521246,-1608.61770050202,177.040085284368,3.39744167590895,714
"715",-678.968295485242,-1315.96018769855,-1648.52304534846,155.841032872071,2.59184919021662,715
"716",-651.576795675765,-1286.09375974621,-1635.36991360006,164.041085326581,3.05904164729904,716
"717",-625.759827826006,-1254.18771029597,-1620.71575584774,172.558607066731,3.6063567803026,717
"718",-731.138022178672,-1338.21996036892,-1653.9447037904,153.222135261473,2.98072769458377,718
"719",-818.908766619169,-1387.73267544253,-1672.04605048114,136.778248657631,2.51309736707241,719
"720",-760.535718329722,-1351.85404589671,-1657.94954969903,147.087315086763,2.93521510571392,720
"721",-696.535942935028,-1302.71188270229,-1635.9163373281,160.458489632613,3.52610357960213,721
"722",-680.33516464195,-1291.37507695127,-1631.59047370474,162.484261344942,3.56280939745042,722
"723",-595.706464784672,-1221.87354105937,-1603.81254101326,177.873630909904,4.17577692092222,723
"724",-600.790420129374,-1226.98255530313,-1605.4667173999,176.718198669941,4.15197690233962,724
"725",-676.080696798905,-1289.96669709706,-1630.07619699654,162.830214267664,3.63540328352381,725
"726",-640.954982930498,-1257.59951989454,-1616.97496115389,169.921515481463,3.96896522966564,726
"727",-607.605389795081,-1228.6980365103,-1605.11540328226,176.610306942389,4.27868376351906,727
"728",-598.402807780483,-1220.51561479256,-1601.59381502385,177.852670521311,4.33834150341776,728
"729",-727.124558054327,-1326.64747649648,-1645.08075560085,153.686371318873,3.32696572772901,729
"730",-664.441482499887,-1270.00158852279,-1621.21237245096,165.429703144397,3.82466806247339,730
"731",-573.641915220863,-1200.73153573129,-1592.30492298974,177.238208501121,4.26397363319938,731
"732",-534.415294871679,-1186.79899866076,-1586.15076901545,174.093558941089,3.96135123913857,732
"733",-554.270786869426,-1192.28753294751,-1588.50978438457,173.861802201851,4.01840764957389,733
"734",-562.117077035668,-1198.74190316502,-1591.24972088621,172.019922841631,3.9117829264282,734
"735",-524.309347382525,-1177.41051676264,-1581.96677575724,173.92695770489,3.94578935949252,735
"736",-590.626172507665,-1208.86905596502,-1595.2341936738,173.18926983241,4.122164468441,736
"737",-669.825457467341,-1262.29827570046,-1616.46467123474,164.954624474606,3.94274123967961,737
"738",-666.830841890202,-1262.7879239315,-1616.83189155212,164.681109334094,3.91482193802519,738
"739",-579.272407124674,-1205.66194594159,-1594.00195549331,173.713292043356,4.11857146332649,739
"740",-520.829949335757,-1182.15567031078,-1583.77356304219,173.321598840093,3.92273535774496,740
"741",-622.472413906642,-1243.92805871261,-1610.3155796716,171.125799128058,4.08108897142333,741
"742",-670.96975976998,-1284.45756149856,-1626.76909364087,164.779290749333,3.83262984421567,742
"743",-667.55989333418,-1288.17829142626,-1628.53682526198,164.308765408399,3.66726175865102,743
"744",-631.595083809077,-1274.86534655339,-1623.94314486842,164.082508640126,3.4405869639019,744
"745",-611.640058812542,-1266.39971192373,-1620.49857779836,164.969947040423,3.37544037978025,745
"746",-687.76279784978,-1312.56710006752,-1638.93523327899,158.934098797055,3.29739079710451,746
"747",-642.694728653464,-1273.39719983111,-1622.99431619201,167.333684315695,3.70498890010617,747
"748",-661.866738928123,-1282.83039672735,-1626.499627541,165.962620392407,3.75449562912339,748
"749",-698.253699301179,-1304.55174117846,-1634.89957882591,161.357157688457,3.63031018310451,749
"750",-814.899456557707,-1382.14396284772,-1666.28657785361,136.666482042748,2.57433647192319,750
"751",-876.579533968653,-1407.87833277161,-1676.53538666232,126.652282726743,2.34741240071425,751
"752",-669.241508703705,-1286.46166190956,-1628.20630877682,150.21839409011,2.97696673917885,752
"753",-392.956162576589,-1128.60850619064,-1561.41872647693,160.998634075767,2.8820710143705,753
"754",-340.342313241307,-1102.56315532714,-1550.11088101977,106.406745297984,2.47260715430616,754
"755",-279.854864727829,-1097.73362602602,-1527.61347458259,99.8906017695342,2.20654490830939,755
"756",-320.171423376807,-1126.59264985097,-1537.95870009554,96.9025663707585,2.11356830483444,756
"757",-432.045300681953,-1176.61537890734,-1563.41984750914,96.7995218333037,2.30161761569509,757
"758",-488.832834482546,-1208.24677423007,-1576.69742931835,94.5525874639933,2.28357299454605,758
"759",-537.487165021332,-1230.6098897815,-1585.18105005344,94.4261988361292,2.36190066904216,759
"760",-542.086500141276,-1226.91887027095,-1583.91663896505,95.4848923331379,2.40130274686576,760
"761",-778.064731722301,-1360.76790301642,-1641.16135328841,77.6279815872489,1.86074173629015,761
"762",-904.509936465298,-1426.35976324199,-1666.72424613549,67.6440617279439,1.559931952512,762
"763",-742.536806073763,-1336.23030367029,-1633.97255116491,84.4650346551068,2.1056805954938,763
"764",-665.932945510032,-1292.5617482486,-1615.99835157809,92.1441064591937,2.32005605801292,764
"765",-570.300551556339,-1251.66293346661,-1594.80597879679,93.5670306939054,2.21084343316348,765
"766",-685.191145960046,-1310.82645005087,-1622.50946526689,89.3762856346443,2.12162863001399,766
"767",-840.883628605402,-1397.43548780738,-1658.44278741492,76.5000815490796,1.77605253345492,767
"768",-739.554126750775,-1329.09068081966,-1635.62409418974,88.8441862565304,2.22875669425401,768
"769",-755.34017069583,-1345.39708686563,-1640.01788431057,86.3152059754848,2.05281780161985,769
"770",-793.080820997383,-1372.9004599951,-1648.8978595592,82.3113473739064,1.8404194156509,770
"771",-453.762411270636,-1189.71866670213,-1564.07238273244,101.023324062259,2.26329453389314,771
"772",-375.643551937585,-1125.95732867468,-1540.17164486575,109.736735741126,2.58217811443078,772
"773",-527.332972032246,-1207.20262904846,-1577.16931356036,105.389547430437,2.59470883102421,773
"774",-664.640415138391,-1282.6089790348,-1612.27218358094,99.3373439890246,2.51974260474207,774
"775",-697.267667265402,-1302.8196538966,-1622.19590884635,96.1456425203605,2.42548467519708,775
"776",-648.087196306991,-1277.70835669396,-1610.82036806109,99.2413152444731,2.47121874746774,776
"777",-637.134159406831,-1276.46653879099,-1609.73614411215,98.9251623292465,2.42175106061768,777
"778",-509.213369690656,-1203.29077443351,-1577.98969761851,104.312553962674,2.5257035836565,778
"779",-475.107064977007,-1174.99350213893,-1568.86457486241,108.076263183231,2.66599430319811,779
"780",-499.821254702666,-1185.2003074128,-1575.07282624008,108.124026340203,2.71937134333771,780
"781",-598.363511525171,-1239.98975414522,-1599.54513333504,105.262541741321,2.72820550424032,781
"782",-703.086033676934,-1291.61659621389,-1634.35470606012,98.9733366736838,2.5884627218093,782
"783",-818.273616406091,-1379.20367344934,-1660.42850927447,84.5754748560743,2.10676240975931,783
"784",-943.016860206259,-1450.32676432248,-1683.05783935795,70.2378699470744,1.58414410420715,784
"785",-843.420312669779,-1395.48746723094,-1662.69043076125,79.9917339460243,1.88187350436192,785
"786",-787.733409867378,-1355.16837973595,-1648.42144848212,87.1380015305026,2.17081248453151,786
"787",-769.189637518688,-1344.82138265558,-1643.22035996038,89.1530298805124,2.21399685272658,787
"788",-749.030595466706,-1333.36381485405,-1638.46423570592,90.9385366299584,2.22719453700516,788
"789",-743.91572481756,-1337.6931925149,-1636.82761398903,90.9911557124164,2.10481397906674,789
"790",-719.941185753543,-1319.44125332971,-1629.09070278389,94.9059912744667,2.26429137390513,790
"791",-824.755018793825,-1381.78534159593,-1653.85196462451,83.6393784283363,1.89881670893155,791
"792",-916.403223878545,-1431.29063998786,-1671.81748213485,73.7148987400195,1.60754375720382,792
"793",-900.509297200261,-1420.93524920125,-1667.41013316982,74.9386061752601,1.64384422621187,793
"794",-883.311893391128,-1411.83664478961,-1662.84876603654,75.9541153204942,1.64614933080361,794
"795",-877.827752870223,-1407.54529363922,-1660.42631541198,76.4805072587911,1.66221901063466,795
"796",-766.118291081518,-1345.40350165421,-1635.88703068628,87.8992986364512,1.98637209398367,796
"797",-705.159512923143,-1321.59338824471,-1623.25438990685,89.9937027319312,1.91285289413536,797
"798",-621.938086031872,-1270.66159386972,-1600.61345233071,98.1501644430378,2.20963093697765,798
"799",-545.582417813977,-1225.92669714511,-1582.84054122437,102.805402668096,2.36127149714576,799
"800",-526.331547150869,-1211.19139615924,-1578.47097128558,105.530391824769,2.46947255131552,800
"801",-655.392420865262,-1288.1314623658,-1615.78218844065,97.8009844890782,2.29517523586746,801
"802",-648.57031423075,-1291.52585554872,-1616.59426553141,95.6283306518005,2.20428248452025,802
"803",-837.207589435062,-1410.40444950356,-1661.94306108775,76.392350686841,1.50035737097323,803
"804",-1041.14869372413,-1508.15279411675,-1700.16856853747,62.240027879568,1.13446213345603,804
"805",-1300.54050851921,-1625.49758540727,-1738.46404777071,40.7340344188802,0.573825702996817,805
"806",-1173.97330159266,-1565.24168274484,-1719.24536324685,49.0534989372577,0.791270148332892,806
"807",-793.758146365619,-1369.05051531079,-1651.81288838131,83.22588351652,1.8528257378425,807
"808",-610.099307865006,-1279.69259135219,-1606.92975715,93.5041315468837,1.95721368301224,808
"809",-701.028766406635,-1315.27155276862,-1628.87442989058,93.0778490147286,2.08818492181835,809
"810",-834.077303721098,-1388.60754414838,-1658.92025761072,80.6655231448387,1.76252250320475,810
"811",-733.395342823014,-1330.08283662458,-1634.81762498202,92.0226196618892,2.03763438797405,811
"812",-601.724568141631,-1261.2723064047,-1599.58680620186,101.486027027101,2.20771852006503,812
"813",-598.193945579992,-1261.72981247941,-1599.15215448113,101.214961968426,2.09558460778178,813
"814",-644.569881338547,-1290.59962213891,-1610.61362631862,98.5653900382857,1.92275881925671,814
"815",-753.169440334753,-1354.04312791861,-1636.97272484848,87.5430715489587,1.57881204709616,815
"816",-862.62453929205,-1408.50252202305,-1659.30742873463,77.499698808449,1.36373839721232,816
"817",-997.30217215223,-1472.73066743728,-1684.32831920878,64.6004864650183,1.04628934528909,817
"818",-963.408397643198,-1454.25201522899,-1677.43913467482,68.4843476891021,1.1417484582548,818
"819",-921.458652826736,-1434.47250452849,-1670.2992916896,72.5900068761106,1.21850305260672,819
"820",-1154.16736131461,-1542.11420126769,-1707.53248665809,50.1890074920612,0.617488162872071,820
"821",-1399.68093178426,-1653.9461664941,-1744.51354255522,7.57599298932288,0.0851532488626017,821
"822",-1348.65865269567,-1633.39306993968,-1738.22685368072,8.43722540436952,0.109887029913242,822
"823",-1014.52886049799,-1476.60642746026,-1682.15096135188,62.5196821575673,0.824613835334162,823
"824",-690.683306815664,-1322.71373684846,-1616.42045658576,84.4510256253597,1.21333168107988,824
"825",-738.297949269691,-1344.80958038082,-1627.23735013537,82.9608530711336,1.21671084796308,825
"826",-782.358786890453,-1364.93624159599,-1638.47867335345,82.5710832410371,1.27019449912332,826
"827",-715.723052263094,-1343.73394742976,-1624.16721247224,79.0360362860828,1.03282376415308,827
"828",-776.913916751042,-1373.00995747303,-1641.22695079416,80.3639274939798,1.10901608239378,828
"829",-883.261732544833,-1422.28708668388,-1663.67313222504,74.4829550732087,1.06986053912226,829
"830",-835.673184056626,-1398.2480481106,-1655.21494081962,78.6503021976977,1.17938751855508,830
"831",-964.486384471236,-1464.17687739712,-1680.83424181881,66.4055949555382,0.872411637651346,831
"832",-936.424943752919,-1448.42036205222,-1674.35000947764,68.2403680122916,0.918718235468937,832
"833",-810.703352879845,-1382.94234340403,-1646.73613760311,79.2127915865924,1.1388088198167,833
"834",-744.676062632402,-1347.33852997671,-1630.91629915267,83.1862290585102,1.21479375408566,834
"835",-624.428784246246,-1299.38349399869,-1604.28570523683,33.9853662375854,0.493779852478418,835
"836",-763.654498419867,-1362.40614828758,-1632.58320144665,30.8081130546663,0.446215157401497,836
"837",-978.644950183394,-1453.07710482701,-1664.3419478273,20.3879647812542,0.302684008611028,837
"838",-829.549617821603,-1383.86168379891,-1634.55892647183,25.7201404996623,0.394877407008607,838
"839",-341.439948436919,-1329.49011747643,-1608.13383342036,29.8912885137465,0.441922002932607,839
"840",-357.467306565088,-1320.27616968163,-1598.74498818298,28.4482031546927,0.405641085699632,840
"841",-382.770332060072,-1338.86361657571,-1609.05909788844,28.7777194174737,0.423584056299767,841
"842",-561.820227733984,-1397.93215581364,-1636.3549295589,25.6356099705284,0.378041721272357,842
"843",-805.432188357006,-1454.61773745473,-1660.44225992675,20.9621224423337,0.299574606531635,843
"844",-1204.03795078382,-1549.37246404124,-1699.10810460096,13.0401391017628,0.166419769549872,844
"845",-1310.70874998024,-1601.89348428041,-1719.81208772143,8.82466915246693,0.0942808862381774,845
"846",-1026.12753713964,-1508.56227669869,-1681.20864159799,16.3618251822171,0.16900375810663,846
"847",-24.4887184649221,-1192.86750767249,-1541.43698588672,35.2149161774019,0.459811195884668,847
"848",-231.659918848649,-1299.11741272883,-1594.06987853135,30.6598121553996,0.383940360573796,848
"849",-663.039133793652,-1310.26775216048,-1603.23213164812,30.763152926021,0.384128255416865,849
"850",-560.029115502649,-1256.52690941194,-1580.84538686499,85.5525369383924,1.17421959457787,850
"851",-652.784100856854,-1315.50405679392,-1619.04465315833,84.4358395207108,1.14430360651997,851
"852",-878.496410835301,-1435.53628077556,-1665.28617055149,64.2366244212556,0.561822569175856,852
"853",-818.390307182418,-1404.51743113259,-1657.94117557936,72.82699859066,0.810625511856522,853
"854",-938.841155997524,-1463.32258583726,-1682.9477709973,63.7921987086828,0.673131266294568,854
"855",-930.538334906123,-1461.15284861394,-1682.32376966108,64.0809518799319,0.684989188302271,855
"856",-823.904237659919,-1402.27494518378,-1662.29198273046,75.228022503467,0.987518034792036,856
"857",-887.371297447374,-1430.60721573549,-1672.7455474232,69.9419481857842,0.921457164384961,857
"858",-873.302105148246,-1421.90259891861,-1668.95640837191,70.343643481317,0.938098995270632,858
"859",-995.745179500992,-1479.76349214034,-1688.73459612995,58.8543347503127,0.664510885942999,859
"860",-1276.89142086622,-1596.19431797541,-1723.92926896534,9.38799916748512,0.0583903441162406,860
"861",-1155.53576382934,-1542.70874044849,-1705.04431463593,12.0494685186664,0.0980752214442155,861
"862",-1002.90814812826,-1525.14024336307,-1693.76952159022,13.993777145391,0.123924797136432,862
"863",-971.013896021749,-1517.03561133159,-1689.97331362195,14.5688610090253,0.117886200609561,863
"864",-413.964716526907,-1394.67247638341,-1637.50716516556,24.3251594602383,0.202361307721947,864
"865",-210.482557307998,-1312.98843203724,-1598.54147478589,28.2795858480519,0.229467985604768,865
"866",-163.2140035332,-1294.83781754692,-1591.29721480961,30.3523731493889,0.256824198927548,866
"867",-234.865783330775,-1329.10484917459,-1608.37202989616,29.6215351695313,0.250042640279243,867
"868",-424.055086328718,-1391.0980150385,-1636.02584592334,26.6941778088001,0.219687537643246,868
"869",-493.630950395445,-1406.85186548324,-1642.86141109173,24.9154424871273,0.186097811215145,869
"870",-822.428142587804,-1478.55801076045,-1672.54506161965,19.2798702797201,0.117403735800501,870
"871",-1051.70769884026,-1519.19515578315,-1688.31625184153,15.5498952527748,0.0693487074887251,871
"872",-1196.55106443465,-1547.91685519147,-1698.30883714561,13.5374522002324,0.0359626202104835,872
"873",-1050.679244637,-1513.04189938668,-1681.8451991844,15.1008923682986,0.0333817026044088,873
"874",-298.82395031916,-1295.23329137269,-1582.00330398774,26.1863294804037,0.105527172996726,874
"875",-733.882244657968,-1440.01303458928,-1649.43764642012,19.2542123563748,0.0498159592756338,875
"876",-622.35612999923,-1399.8393239924,-1629.79741842974,19.8880812480416,0.0409314673304166,876
"877",-678.818270563482,-1429.27045320586,-1645.72738141806,20.0706910649505,0.0448332729429346,877
"878",-664.917924807018,-1427.21156978337,-1645.47797860628,20.4549143422142,0.0448791057327185,878
"879",-534.718725053328,-1382.33436616151,-1623.83903788261,22.2622329350839,0.0482216243221671,879
"880",-496.814303611448,-1375.40685248768,-1621.96873335345,22.6309285969891,0.0521484604997084,880
"881",-632.183815482926,-1420.03294480583,-1642.6381256598,21.2841894286885,0.0421268204486083,881
"882",-585.002242051643,-1398.22365887836,-1630.697874495,21.3429324601971,0.0305995590536341,882
"883",-693.661022197701,-1422.53637454266,-1640.18952012422,19.3888275808095,0.0148843746966811,883
"884",-622.079926954325,-1412.50693650418,-1637.90705692512,20.9981678826019,0.0221024708551418,884
"885",-266.133900320108,-1288.40962657689,-1580.02091514184,26.0275079148202,0.039854300091003,885
"886",-794.222853919509,-1464.92505539365,-1661.90630506528,18.3466072742034,0.00709465017318678,886
"887",-530.493812230457,-1388.41038546213,-1625.7418890355,20.7918317411064,0.00821647822150017,887
"888",-554.985207489651,-1418.36715448254,-1644.60737239442,20.5747308115361,0.010218327580187,888
"889",-410.070677943072,-1397.293790751,-1640.58855148502,23.4495386899721,0.0275062705060591,889
"890",-520.409584271786,-1435.21924644822,-1661.9100347558,21.5594863912389,0.026052705979982,890
"891",-689.764580453173,-1478.92237514894,-1681.66704038884,18.0374533992667,0.0163461613619802,891
"892",-1244.22230222308,-1605.07378688047,-1724.5005919492,7.41885354674848,0,892
"893",-1308.92725939609,-1623.48229792088,-1731.46723114351,28.7178778396397,0,893
"894",-461.959232292971,-1455.78382103001,-1678.54653027045,58.4024922396726,0.132393114335233,894
"895",-32.9189148350742,-1252.03433706367,-1645.64245562929,78.4382779869438,0.41529350378228,895
"896",-300.881073444223,-1247.38822089009,-1618.66651120352,84.8720823036051,0.531140901469939,896
"897",-587.09796040406,-1306.97539915234,-1648.28124936182,82.567683413043,0.613545471503599,897
"898",-738.264630025209,-1362.17899488116,-1667.5681609397,74.1325774867303,0.591194947884929,898
"899",-933.80900044618,-1470.83545949138,-1703.50486650174,56.2879785283205,0.355875908086741,899
"900",-1087.11377743937,-1547.84585671466,-1732.35264176583,42.1733759679582,0.178647876258641,900
"901",-1162.83711271631,-1585.09708043252,-1741.16012203639,38.0874431949764,0.126192868751957,901
"902",-789.294537616542,-1430.38670296696,-1691.32127516739,64.4378671800492,0.544337334953315,902
"903",-539.361368320206,-1285.39332067929,-1640.12734960501,85.6630938149878,1.03320822478736,903
"904",-544.918533859467,-1300.8975376981,-1646.30876429896,84.655848151983,0.985574625934856,904
"905",-558.129483377819,-1333.00722124139,-1659.22093254225,79.4598971804285,0.835510787443923,905
"906",-456.268238993034,-1295.19313938435,-1644.13275764543,139.237717072809,1.6697392637009,906
"907",-510.910964891186,-1325.69210285468,-1656.09846030756,134.435320439419,1.54617622799461,907
"908",-678.140852374264,-1399.05963436912,-1680.43851938513,71.2705058129962,0.620273322907384,908
"909",-774.893968192699,-1435.0794753704,-1691.55079182935,65.7857850763138,0.479067226719181,909
"910",-907.588370814766,-1477.23933725774,-1704.75097091135,57.7892466431307,0.346575260204737,910
"911",-399.341514143605,-897.682974954321,-1404.05147350431,377.812347522975,24.7345166424434,911
"912",-387.110529389817,-890.696308088851,-1399.58946759102,380.263790651894,24.9712048392619,912
"913",-446.637656722925,-932.928842473907,-1423.11776710231,366.247758576852,23.4757491827934,913
"914",-507.210539738695,-983.378161167564,-1450.02150467108,349.344545253781,21.745374216662,914
"915",-407.160520911465,-924.190423417425,-1420.60288077317,364.54559284015,23.3659943182516,915
"916",-466.882851372391,-956.618962311861,-1435.34306845146,358.801374433394,22.6461458612761,916
"917",-431.26361589685,-930.988897920679,-1420.88663795287,367.484357758259,23.4994690595874,917
"918",-439.810200040862,-941.742622114488,-1426.50734817366,362.443905848012,23.0119879799531,918
"919",-546.747013352777,-1035.29833047582,-1473.06491982267,331.852697695822,20.0143834261341,919
"920",-597.400193102014,-1074.429938836,-1493.93405443836,316.958758612507,18.5952583640199,920
"921",-492.768468552942,-994.20811797779,-1452.53922560628,341.544373032828,21.0114613870826,921
"922",-440.896589910377,-952.293437793679,-1430.6900942495,355.674874125496,22.4406355340914,922
"923",-529.894157471196,-1016.85942438801,-1462.40701549638,337.787526760534,20.624056916551,923
"924",-507.391561675152,-992.541522487026,-1449.9935298029,346.113697768398,21.4182336332038,924
"925",-415.528964448917,-924.882446521287,-1414.71421350109,367.156138928351,23.5574198997438,925
"926",-365.976060876595,-894.272833972132,-1399.38936721797,375.807953426313,24.4692516941914,926
"927",-382.995502054201,-903.82773762205,-1404.00400583291,375.081015849738,24.4156915200241,927
"928",-418.091232294307,-935.962243483128,-1422.92692346281,364.809339813461,23.4506962405675,928
"929",-455.402091606666,-966.334906172325,-1438.30885645515,357.821545104696,22.839683531969,929
"930",-461.655154990531,-968.248168117488,-1438.88095949684,358.893576163564,22.9802714010625,930
"931",-369.857379504382,-896.723873258317,-1400.20383103303,382.235208471114,25.4040028690412,931
"932",-374.788708636792,-906.888509771339,-1407.70536843134,376.94423336297,24.9201148758973,932
"933",-419.342248548896,-936.956047806819,-1422.38921467007,369.294185147515,24.1630640157625,933
"934",-447.58834482438,-952.071820543542,-1429.5018306841,366.105028699268,23.774369618047,934
"935",-419.887635369739,-931.98169109568,-1418.29949429549,372.664295617592,24.4661766363195,935
"936",-319.808691753148,-880.902514586855,-1395.77695723786,382.492535440057,25.3508637978456,936
"937",-388.978961354972,-923.119675114843,-1416.37485623276,368.81165549288,24.1621351341274,937
"938",-385.303206763556,-919.656911799215,-1414.25818530444,367.875545661363,24.079059992792,938
"939",-505.935634601388,-1014.57660169924,-1461.85488392518,338.735878606891,21.1413639006518,939
"940",-385.453251847416,-915.142514285072,-1411.63288102998,369.168073656151,24.1838269841529,940
"941",-345.327299609116,-897.919766473786,-1404.80527219719,372.964683142891,24.6244945182119,941
"942",-346.879567534151,-891.021631878543,-1399.65132173231,378.940443666508,25.2806703385977,942
"943",-401.758117343007,-920.971796864132,-1414.80409145449,372.957648432447,24.6052312126116,943
"944",-472.778759913768,-972.700627771492,-1442.44227714121,356.939599550069,22.970850840186,944
"945",-367.784585552635,-890.916012544499,-1399.85847280952,382.748639687805,25.590817275041,945
"946",-413.624997630352,-918.38729017179,-1415.09529867445,375.624001566456,24.8286941319252,946
"947",-436.640208495348,-948.183742812393,-1434.53571144397,363.880397582107,23.6827107942037,947
"948",-373.339206352773,-941.392721969647,-1435.78730376975,361.511990013975,23.2845621255073,948
"949",-486.319930509943,-1006.90177606527,-1464.96863517362,348.178540998999,22.2449401795708,949
"950",-606.103014586205,-1086.07430788784,-1501.22265400007,329.790729679762,20.3051220407881,950
"951",-800.342293337623,-1294.49958364622,-1593.54433281903,257.454757648101,14.2672915059558,951
"952",-1153.61287657641,-1532.49848726894,-1692.42089979809,162.074949917147,8.65309814687471,952
"953",-764.946049369215,-1270.12823540929,-1583.97566259007,262.935232726884,14.3459355566959,953
"954",-420.292015190717,-981.25108541255,-1453.00830439946,347.449115469798,22.1828577699777,954
"955",-271.964611799993,-869.064630679422,-1396.09423031666,387.976067143568,25.3624555077825,955
"956",-303.561181455801,-905.765703286586,-1413.27271445182,375.47501404338,24.2690545679214,956
"957",-613.075856948177,-1134.30815883073,-1523.76940975593,307.93049393551,18.376312780378,957
"958",-568.316643144063,-1076.18834151787,-1490.68519000781,328.611521545451,20.1645552150115,958
"959",-492.479709423852,-1036.08393008216,-1467.68854651306,336.904988679542,21.0163285742252,959
"960",-436.306390776251,-1020.13563745533,-1461.34466157512,331.719320545173,20.5701601639127,960
"961",-435.426380686186,-1014.42366811856,-1457.72927543639,331.307417020234,20.4594665101214,961
"962",-338.237606369286,-977.502307002837,-1446.88070158456,330.415614251228,20.0059294075274,962
"963",-300.516455388419,-962.166252831488,-1441.99512501641,331.486578396532,19.7519035972223,963
"964",-450.89530865444,-1001.58208855147,-1449.81130447287,334.504895052082,20.508459323477,964
"965",-482.998804092346,-999.3657172601,-1445.78728535158,341.196383682447,20.9646050206459,965
"966",-439.671713690522,-975.107166359135,-1430.03628727338,350.065865393648,21.8271847728781,966
"967",-468.089311653102,-988.597356233467,-1439.19449647843,346.006375132624,21.401893622155,967
"968",-493.780949837372,-1004.69830369514,-1450.50564673534,339.956158930121,20.8245924936367,968
"969",-419.157711201463,-965.357731971495,-1424.26543010111,354.770136279684,22.3234265622938,969
"970",-436.774308540595,-975.997199590133,-1431.71099797764,350.826260758735,21.9738806822259,970
"971",-508.88296124373,-1014.83684161087,-1457.07002008822,337.918015855534,20.6780117206657,971
"972",-555.270920459864,-1046.61471623129,-1477.49786532664,326.541034848026,19.6044733154673,972
"973",-593.696955152265,-1079.97793046611,-1498.81699454721,314.513129920269,18.4956074387929,973
"974",-735.956899352182,-1217.94297285985,-1563.55933469287,264.138982837365,14.1459314316365,974
"975",-725.735638220813,-1209.64509968778,-1560.10477209789,270.838072311701,14.6952119306467,975
"976",-590.293772774013,-1088.59415593638,-1504.60519352768,316.771805068597,18.889295263094,976
"977",-546.740529356348,-1057.95791968862,-1486.04038687867,329.065898808808,20.0904389762296,977
"978",-500.50855171366,-1044.49776882522,-1479.20819698111,331.195179504207,20.440072649721,978
"979",-504.560184686182,-1055.24305784991,-1486.81351656302,324.618955652197,19.8397190566613,979
"980",-339.462646455051,-980.941367365008,-1446.33307288752,341.706574348184,21.1991774801523,980
"981",-420.579538818979,-1017.72888191254,-1466.57075876023,328.97187854907,20.3308864523122,981
"982",-557.125359361488,-1115.47196365394,-1524.2974881209,296.708461205731,17.4224114843371,982
"983",-487.720820065331,-1085.70532302789,-1509.08522221589,299.725986795737,17.7982734521239,983
"984",-573.874580743594,-1103.54457303037,-1516.98445832794,304.272435794368,18.1189818688608,984
"985",-412.539907940952,-1021.95623493335,-1471.52197955894,323.546956725913,20.0316704910621,985
"986",-417.721700451161,-1030.31986457241,-1477.49879414938,318.307748797258,19.5346224740135,986
"987",-650.498318690268,-1162.5416813937,-1544.51448273276,285.878800602793,16.4095980908068,987
"988",-570.845317996401,-1095.86038446736,-1513.78952750764,308.154150496212,18.3987155323876,988
"989",-740.504575746099,-1230.48901137832,-1571.49376158985,264.308914816303,14.4367586103779,989
"990",-978.313775661869,-1422.40910460655,-1648.56501334881,195.124195686042,9.9542212797299,990
"991",-927.035712904708,-1380.39435552636,-1630.92348967477,208.784701442639,10.8862283625178,991
"992",-977.570748545673,-1420.94604907099,-1647.76891382189,190.29883909689,9.95565821711124,992
"993",-1022.97152854506,-1451.98117804514,-1660.6297085894,176.106506567933,9.31445401799204,993
"994",-790.379837412519,-1274.7353424056,-1588.84619424465,248.857780530249,12.9911886831616,994
"995",-671.988736729269,-1165.23802245101,-1543.14394372663,284.969718816871,16.0194022410658,995
"996",-917.488758410783,-1370.34639085699,-1626.54668894469,210.390771233861,11.0813317044987,996
"997",-808.53405692241,-1289.43226751518,-1593.89590064982,239.093680555395,12.4426684912622,997
"998",-920.854500408064,-1373.03686005301,-1627.6126622832,204.288636302453,10.7280932561073,998
"999",-768.734061235344,-1248.06638685826,-1575.84545231449,248.123152023732,13.0600724660675,999
"1000",-582.770372952174,-1075.38801337964,-1499.6154286332,308.731280774584,17.8991194100907,1000
